#
# There is insufficient memory for the Java Runtime Environment to continue.
# Native memory allocation (mmap) failed to map 545259520 bytes. Error detail: G1 virtual space
# Possible reasons:
#   The system is out of physical RAM or swap space
#   This process is running with CompressedOops enabled, and the Java Heap may be blocking the growth of the native heap
# Possible solutions:
#   Reduce memory load on the system
#   Increase physical memory or swap space
#   Check if swap backing store is full
#   Decrease Java heap size (-Xmx/-Xms)
#   Decrease number of Java threads
#   Decrease Java thread stack sizes (-Xss)
#   Set larger code cache with -XX:ReservedCodeCacheSize=
#   JVM is running with Unscaled Compressed Oops mode in which the Java heap is
#     placed in the first 4GB address space. The Java Heap base address is the
#     maximum limit for the native heap growth. Please use -XX:HeapBaseMinAddress
#     to set the Java Heap base and to place the Java Heap above 4GB virtual address.
# This output file may be truncated or incomplete.
#
#  Out of Memory Error (os_windows.cpp:3828), pid=15948, tid=11276
#
# JRE version: OpenJDK Runtime Environment (21.0.5) (build 21.0.5+-13047016-b750.29)
# Java VM: OpenJDK 64-Bit Server VM (21.0.5+-13047016-b750.29, mixed mode, tiered, compressed oops, compressed class ptrs, g1 gc, windows-amd64)
# No core dump will be written. Minidumps are not enabled by default on client versions of Windows
#

---------------  S U M M A R Y ------------

Command Line: --add-opens=java.base/java.lang=ALL-UNNAMED --add-opens=java.base/java.lang.invoke=ALL-UNNAMED --add-opens=java.base/java.util=ALL-UNNAMED --add-opens=java.prefs/java.util.prefs=ALL-UNNAMED --add-exports=jdk.compiler/com.sun.tools.javac.api=ALL-UNNAMED --add-exports=jdk.compiler/com.sun.tools.javac.util=ALL-UNNAMED --add-opens=java.base/java.util=ALL-UNNAMED --add-opens=java.prefs/java.util.prefs=ALL-UNNAMED --add-opens=java.base/java.nio.charset=ALL-UNNAMED --add-opens=java.base/java.net=ALL-UNNAMED --add-opens=java.base/java.util.concurrent.atomic=ALL-UNNAMED --add-opens=java.xml/javax.xml.namespace=ALL-UNNAMED -Xmx2048m -Dfile.encoding=UTF-8 -Duser.country=US -Duser.language=en -Duser.variant -javaagent:C:\Users\Felizardo Chaguala\.gradle\wrapper\dists\gradle-8.11.1-bin\bpt9gzteqjrbo1mjrsomdt32c\gradle-8.11.1\lib\agents\gradle-instrumentation-agent-8.11.1.jar org.gradle.launcher.daemon.bootstrap.GradleDaemon 8.11.1

Host: 11th Gen Intel(R) Core(TM) i5-1135G7 @ 2.40GHz, 8 cores, 19G,  Windows 11 , 64 bit Build 26100 (10.0.26100.7623)
Time: Thu Jan 29 09:54:24 2026 South Africa Standard Time elapsed time: 57.727983 seconds (0d 0h 0m 57s)

---------------  T H R E A D  ---------------

Current thread (0x0000012178154ff0):  VMThread "VM Thread"          [id=11276, stack(0x0000001ea9600000,0x0000001ea9700000) (1024K)]

Stack: [0x0000001ea9600000,0x0000001ea9700000]
Native frames: (J=compiled Java code, j=interpreted, Vv=VM code, C=native code)
V  [jvm.dll+0x6cfb29]
V  [jvm.dll+0x85df93]
V  [jvm.dll+0x8604ee]
V  [jvm.dll+0x860bd3]
V  [jvm.dll+0x27e6b6]
V  [jvm.dll+0x6cc385]
V  [jvm.dll+0x6c078a]
V  [jvm.dll+0x35525b]
V  [jvm.dll+0x35ceb6]
V  [jvm.dll+0x3aedd6]
V  [jvm.dll+0x3af0a8]
V  [jvm.dll+0x32792c]
V  [jvm.dll+0x3279b7]
V  [jvm.dll+0x36d80c]
V  [jvm.dll+0x36bfbe]
V  [jvm.dll+0x327081]
V  [jvm.dll+0x36b6d0]
V  [jvm.dll+0x866958]
V  [jvm.dll+0x867cd4]
V  [jvm.dll+0x868210]
V  [jvm.dll+0x8684a3]
V  [jvm.dll+0x806368]
V  [jvm.dll+0x6ce3fd]
C  [ucrtbase.dll+0x37b0]
C  [KERNEL32.DLL+0x2e8d7]
C  [ntdll.dll+0x8c53c]

VM_Operation (0x0000001eae4f89d0): G1CollectForAllocation, mode: safepoint, requested by thread 0x00000121032bf140


---------------  P R O C E S S  ---------------

Threads class SMR info:
_java_thread_list=0x000001210313af40, length=130, elements={
0x000001215e676650, 0x00000121781bd070, 0x00000121781c0640, 0x00000121781e4660,
0x00000121781a19a0, 0x00000121781a4400, 0x00000121781a75b0, 0x00000121781f5b80,
0x00000121781f7400, 0x0000012178205630, 0x000001217873be20, 0x000001217de2a7f0,
0x000001217de14700, 0x000001217dfaeaf0, 0x000001217e0c9c40, 0x000001217e60fb50,
0x000001217e24c280, 0x000001217e5cac90, 0x000001217e308020, 0x000001217e308680,
0x000001217e545e70, 0x000001217e543710, 0x000001217e544ac0, 0x000001217e546500,
0x000001217e543da0, 0x000001217e543080, 0x000001217e544430, 0x000001217e545150,
0x000001217e5457e0, 0x0000012100fabb30, 0x0000012100fac1c0, 0x0000012100faae10,
0x0000012100fad570, 0x0000012100faa0f0, 0x0000012100fadc00, 0x0000012100faa780,
0x0000012100fafcd0, 0x0000012100fae290, 0x0000012100fae920, 0x0000012100faefb0,
0x0000012100faf640, 0x0000012100fb0360, 0x0000012100f5f700, 0x0000012100f5fd90,
0x0000012100f5dcc0, 0x0000012100f5e350, 0x0000012100f5d630, 0x0000012100f61140,
0x0000012100f617d0, 0x0000012100f61e60, 0x0000012100f5e9e0, 0x0000012100f624f0,
0x0000012100f5f070, 0x0000012100f645c0, 0x000001217ede0420, 0x000001210363b5c0,
0x000001210363a8a0, 0x000001210363af30, 0x000001210363c970, 0x000001210363d000,
0x00000121032bf7d0, 0x00000121032be420, 0x00000121032bd070, 0x00000121032c04f0,
0x00000121032bfe60, 0x00000121032bd700, 0x00000121032beab0, 0x00000121032bf140,
0x00000121032c0b80, 0x00000121032c1210, 0x00000121032bdd90, 0x00000121032c2c50,
0x00000121032c18a0, 0x00000121032c32e0, 0x00000121032c3970, 0x00000121032c25c0,
0x00000121032c4000, 0x00000121032c4690, 0x0000012103637420, 0x0000012103638140,
0x0000012103638e60, 0x00000121036394f0, 0x0000012103636070, 0x0000012103639b80,
0x0000012103637ab0, 0x0000012103636700, 0x000001210363a210, 0x00000121098521d0,
0x000001210884ea60, 0x000001210884d6b0, 0x000001210884d020, 0x000001210884dd40,
0x000001210884e3d0, 0x000001210884f0f0, 0x000001210884f780, 0x000001210884c300,
0x000001210884fe10, 0x000001210884c990, 0x00000121088504a0, 0x00000121088511c0,
0x0000012108851850, 0x0000012108852c00, 0x0000012108850b30, 0x0000012108851ee0,
0x0000012108852570, 0x000001210984e030, 0x000001210984abb0, 0x000001210984cc80,
0x000001210984b8d0, 0x000001210984bf60, 0x000001210984d310, 0x000001210984c5f0,
0x000001210984b240, 0x00000121098514b0, 0x0000012109850790, 0x0000012109851b40,
0x0000012109850e20, 0x000001210984e6c0, 0x000001210984ed50, 0x000001210984fa70,
0x000001217ede38a0, 0x000001217ede3210, 0x000001217ede45c0, 0x000001217ede52e0,
0x000001217ede4c50, 0x000001210363bc50, 0x000001210363c2e0, 0x000001210a4720c0,
0x000001210157a740, 0x000001210b5679c0
}

Java Threads: ( => current thread )
  0x000001215e676650 JavaThread "main"                              [_thread_blocked, id=22400, stack(0x0000001ea8f00000,0x0000001ea9000000) (1024K)]
  0x00000121781bd070 JavaThread "Reference Handler"          daemon [_thread_blocked, id=17720, stack(0x0000001ea9700000,0x0000001ea9800000) (1024K)]
  0x00000121781c0640 JavaThread "Finalizer"                  daemon [_thread_blocked, id=14636, stack(0x0000001ea9800000,0x0000001ea9900000) (1024K)]
  0x00000121781e4660 JavaThread "Signal Dispatcher"          daemon [_thread_blocked, id=14916, stack(0x0000001ea9900000,0x0000001ea9a00000) (1024K)]
  0x00000121781a19a0 JavaThread "Attach Listener"            daemon [_thread_blocked, id=22464, stack(0x0000001ea9a00000,0x0000001ea9b00000) (1024K)]
  0x00000121781a4400 JavaThread "Service Thread"             daemon [_thread_blocked, id=19312, stack(0x0000001ea9b00000,0x0000001ea9c00000) (1024K)]
  0x00000121781a75b0 JavaThread "Monitor Deflation Thread"   daemon [_thread_blocked, id=1264, stack(0x0000001ea9c00000,0x0000001ea9d00000) (1024K)]
  0x00000121781f5b80 JavaThread "C2 CompilerThread0"         daemon [_thread_blocked, id=23596, stack(0x0000001ea9d00000,0x0000001ea9e00000) (1024K)]
  0x00000121781f7400 JavaThread "C1 CompilerThread0"         daemon [_thread_blocked, id=20868, stack(0x0000001ea9e00000,0x0000001ea9f00000) (1024K)]
  0x0000012178205630 JavaThread "Common-Cleaner"             daemon [_thread_blocked, id=8308, stack(0x0000001ea9f00000,0x0000001eaa000000) (1024K)]
  0x000001217873be20 JavaThread "Notification Thread"        daemon [_thread_blocked, id=25044, stack(0x0000001eaa000000,0x0000001eaa100000) (1024K)]
  0x000001217de2a7f0 JavaThread "Daemon health stats"               [_thread_blocked, id=15136, stack(0x0000001eaa200000,0x0000001eaa300000) (1024K)]
  0x000001217de14700 JavaThread "Incoming local TCP Connector on port 65395"        [_thread_in_native, id=17984, stack(0x0000001eaa900000,0x0000001eaaa00000) (1024K)]
  0x000001217dfaeaf0 JavaThread "Daemon periodic checks"            [_thread_blocked, id=26116, stack(0x0000001eaaa00000,0x0000001eaab00000) (1024K)]
  0x000001217e0c9c40 JavaThread "Daemon"                            [_thread_blocked, id=16000, stack(0x0000001eaab00000,0x0000001eaac00000) (1024K)]
  0x000001217e60fb50 JavaThread "Handler for socket connection from /127.0.0.1:65395 to /127.0.0.1:65396"        [_thread_in_native, id=6792, stack(0x0000001eaac00000,0x0000001eaad00000) (1024K)]
  0x000001217e24c280 JavaThread "Cancel handler"                    [_thread_blocked, id=10644, stack(0x0000001eaa100000,0x0000001eaa200000) (1024K)]
  0x000001217e5cac90 JavaThread "Daemon worker"                     [_thread_blocked, id=25156, stack(0x0000001eaad00000,0x0000001eaae00000) (1024K)]
  0x000001217e308020 JavaThread "Asynchronous log dispatcher for DefaultDaemonConnection: socket connection from /127.0.0.1:65395 to /127.0.0.1:65396"        [_thread_blocked, id=17164, stack(0x0000001eaae00000,0x0000001eaaf00000) (1024K)]
  0x000001217e308680 JavaThread "Stdin handler"                     [_thread_blocked, id=17968, stack(0x0000001eaaf00000,0x0000001eab000000) (1024K)]
  0x000001217e545e70 JavaThread "Daemon client event forwarder"        [_thread_blocked, id=17484, stack(0x0000001eab000000,0x0000001eab100000) (1024K)]
  0x000001217e543710 JavaThread "Cache worker for journal cache (C:\Users\Felizardo Chaguala\.gradle\caches\journal-1)"        [_thread_blocked, id=17548, stack(0x0000001eab300000,0x0000001eab400000) (1024K)]
  0x000001217e544ac0 JavaThread "File lock request listener"        [_thread_in_native, id=6252, stack(0x0000001eab400000,0x0000001eab500000) (1024K)]
  0x000001217e546500 JavaThread "Cache worker for file hash cache (C:\Users\Felizardo Chaguala\.gradle\caches\8.11.1\fileHashes)"        [_thread_blocked, id=3924, stack(0x0000001eab500000,0x0000001eab600000) (1024K)]
  0x000001217e543da0 JavaThread "Cache worker for file content cache (C:\Users\Felizardo Chaguala\.gradle\caches\8.11.1\fileContent)"        [_thread_blocked, id=11512, stack(0x0000001eab700000,0x0000001eab800000) (1024K)]
  0x000001217e543080 JavaThread "Cache worker for file hash cache (C:\Users\Felizardo Chaguala\Desktop\pisaude\PisaudeApp\.gradle\8.11.1\fileHashes)"        [_thread_blocked, id=13940, stack(0x0000001eab900000,0x0000001eaba00000) (1024K)]
  0x000001217e544430 JavaThread "Cache worker for Build Output Cleanup Cache (C:\Users\Felizardo Chaguala\Desktop\pisaude\PisaudeApp\.gradle\buildOutputCleanup)"        [_thread_blocked, id=18272, stack(0x0000001eaba00000,0x0000001eabb00000) (1024K)]
  0x000001217e545150 JavaThread "File watcher server"        daemon [_thread_blocked, id=21872, stack(0x0000001eabb00000,0x0000001eabc00000) (1024K)]
  0x000001217e5457e0 JavaThread "File watcher consumer"      daemon [_thread_blocked, id=17772, stack(0x0000001eabc00000,0x0000001eabd00000) (1024K)]
  0x0000012100fabb30 JavaThread "Cache worker for checksums cache (C:\Users\Felizardo Chaguala\Desktop\pisaude\PisaudeApp\.gradle\8.11.1\checksums)"        [_thread_blocked, id=19864, stack(0x0000001eab600000,0x0000001eab700000) (1024K)]
  0x0000012100fac1c0 JavaThread "Cache worker for cache directory md-rule (C:\Users\Felizardo Chaguala\.gradle\caches\8.11.1\md-rule)"        [_thread_blocked, id=25432, stack(0x0000001eabd00000,0x0000001eabe00000) (1024K)]
  0x0000012100faae10 JavaThread "Cache worker for cache directory md-supplier (C:\Users\Felizardo Chaguala\.gradle\caches\8.11.1\md-supplier)"        [_thread_blocked, id=16680, stack(0x0000001eabe00000,0x0000001eabf00000) (1024K)]
  0x0000012100fad570 JavaThread "Unconstrained build operations"        [_thread_blocked, id=4176, stack(0x0000001eab800000,0x0000001eab900000) (1024K)]
  0x0000012100faa0f0 JavaThread "Unconstrained build operations Thread 2"        [_thread_blocked, id=26312, stack(0x0000001eabf00000,0x0000001eac000000) (1024K)]
  0x0000012100fadc00 JavaThread "Unconstrained build operations Thread 3"        [_thread_blocked, id=6384, stack(0x0000001eac100000,0x0000001eac200000) (1024K)]
  0x0000012100faa780 JavaThread "Unconstrained build operations Thread 4"        [_thread_blocked, id=20652, stack(0x0000001eac200000,0x0000001eac300000) (1024K)]
  0x0000012100fafcd0 JavaThread "Unconstrained build operations Thread 5"        [_thread_blocked, id=20736, stack(0x0000001eac300000,0x0000001eac400000) (1024K)]
  0x0000012100fae290 JavaThread "Unconstrained build operations Thread 6"        [_thread_blocked, id=1648, stack(0x0000001eac400000,0x0000001eac500000) (1024K)]
  0x0000012100fae920 JavaThread "Unconstrained build operations Thread 7"        [_thread_blocked, id=8724, stack(0x0000001eac500000,0x0000001eac600000) (1024K)]
  0x0000012100faefb0 JavaThread "Unconstrained build operations Thread 8"        [_thread_blocked, id=17856, stack(0x0000001eac600000,0x0000001eac700000) (1024K)]
  0x0000012100faf640 JavaThread "Unconstrained build operations Thread 9"        [_thread_blocked, id=11080, stack(0x0000001eac700000,0x0000001eac800000) (1024K)]
  0x0000012100fb0360 JavaThread "Unconstrained build operations Thread 10"        [_thread_blocked, id=3276, stack(0x0000001eac800000,0x0000001eac900000) (1024K)]
  0x0000012100f5f700 JavaThread "Unconstrained build operations Thread 11"        [_thread_blocked, id=25788, stack(0x0000001eaca00000,0x0000001eacb00000) (1024K)]
  0x0000012100f5fd90 JavaThread "Unconstrained build operations Thread 12"        [_thread_blocked, id=12208, stack(0x0000001eacb00000,0x0000001eacc00000) (1024K)]
  0x0000012100f5dcc0 JavaThread "Unconstrained build operations Thread 13"        [_thread_blocked, id=2304, stack(0x0000001eacc00000,0x0000001eacd00000) (1024K)]
  0x0000012100f5e350 JavaThread "Unconstrained build operations Thread 14"        [_thread_blocked, id=8256, stack(0x0000001eacd00000,0x0000001eace00000) (1024K)]
  0x0000012100f5d630 JavaThread "Unconstrained build operations Thread 15"        [_thread_blocked, id=15724, stack(0x0000001eace00000,0x0000001eacf00000) (1024K)]
  0x0000012100f61140 JavaThread "Unconstrained build operations Thread 16"        [_thread_blocked, id=6640, stack(0x0000001eacf00000,0x0000001ead000000) (1024K)]
  0x0000012100f617d0 JavaThread "Unconstrained build operations Thread 17"        [_thread_blocked, id=9800, stack(0x0000001ead000000,0x0000001ead100000) (1024K)]
  0x0000012100f61e60 JavaThread "Unconstrained build operations Thread 18"        [_thread_blocked, id=20140, stack(0x0000001ead100000,0x0000001ead200000) (1024K)]
  0x0000012100f5e9e0 JavaThread "Unconstrained build operations Thread 19"        [_thread_blocked, id=12948, stack(0x0000001ead200000,0x0000001ead300000) (1024K)]
  0x0000012100f624f0 JavaThread "Unconstrained build operations Thread 20"        [_thread_blocked, id=2480, stack(0x0000001ead300000,0x0000001ead400000) (1024K)]
  0x0000012100f5f070 JavaThread "Unconstrained build operations Thread 21"        [_thread_blocked, id=20388, stack(0x0000001ead400000,0x0000001ead500000) (1024K)]
  0x0000012100f645c0 JavaThread "build event listener"              [_thread_blocked, id=2516, stack(0x0000001eac900000,0x0000001eaca00000) (1024K)]
  0x000001217ede0420 JavaThread "Memory manager"                    [_thread_blocked, id=21500, stack(0x0000001ead500000,0x0000001ead600000) (1024K)]
  0x000001210363b5c0 JavaThread "pool-3-thread-1"                   [_thread_blocked, id=26580, stack(0x0000001ead800000,0x0000001ead900000) (1024K)]
  0x000001210363a8a0 JavaThread "build event listener"              [_thread_blocked, id=16480, stack(0x0000001ead900000,0x0000001eada00000) (1024K)]
  0x000001210363af30 JavaThread "included builds"                   [_thread_blocked, id=23644, stack(0x0000001eada00000,0x0000001eadb00000) (1024K)]
  0x000001210363c970 JavaThread "Execution worker"                  [_thread_blocked, id=5436, stack(0x0000001eadb00000,0x0000001eadc00000) (1024K)]
  0x000001210363d000 JavaThread "Execution worker Thread 2"         [_thread_blocked, id=22776, stack(0x0000001eadc00000,0x0000001eadd00000) (1024K)]
  0x00000121032bf7d0 JavaThread "Execution worker Thread 3"         [_thread_blocked, id=13308, stack(0x0000001eadd00000,0x0000001eade00000) (1024K)]
  0x00000121032be420 JavaThread "Execution worker Thread 4"         [_thread_blocked, id=21168, stack(0x0000001eade00000,0x0000001eadf00000) (1024K)]
  0x00000121032bd070 JavaThread "Execution worker Thread 5"         [_thread_blocked, id=24712, stack(0x0000001eadf00000,0x0000001eae000000) (1024K)]
  0x00000121032c04f0 JavaThread "Execution worker Thread 6"         [_thread_blocked, id=352, stack(0x0000001eae000000,0x0000001eae100000) (1024K)]
  0x00000121032bfe60 JavaThread "Execution worker Thread 7"         [_thread_blocked, id=25660, stack(0x0000001eae100000,0x0000001eae200000) (1024K)]
  0x00000121032bd700 JavaThread "Cache worker for execution history cache (C:\Users\Felizardo Chaguala\Desktop\pisaude\PisaudeApp\.gradle\8.11.1\executionHistory)"        [_thread_blocked, id=12380, stack(0x0000001eae200000,0x0000001eae300000) (1024K)]
  0x00000121032beab0 JavaThread "Unconstrained build operations Thread 22"        [_thread_blocked, id=1696, stack(0x0000001eae300000,0x0000001eae400000) (1024K)]
  0x00000121032bf140 JavaThread "Unconstrained build operations Thread 23"        [_thread_blocked, id=11820, stack(0x0000001eae400000,0x0000001eae500000) (1024K)]
  0x00000121032c0b80 JavaThread "Unconstrained build operations Thread 24"        [_thread_blocked, id=23124, stack(0x0000001eae500000,0x0000001eae600000) (1024K)]
  0x00000121032c1210 JavaThread "Unconstrained build operations Thread 25"        [_thread_blocked, id=19664, stack(0x0000001eae600000,0x0000001eae700000) (1024K)]
  0x00000121032bdd90 JavaThread "Unconstrained build operations Thread 26"        [_thread_blocked, id=14152, stack(0x0000001eae700000,0x0000001eae800000) (1024K)]
  0x00000121032c2c50 JavaThread "Unconstrained build operations Thread 27"        [_thread_blocked, id=19732, stack(0x0000001eae800000,0x0000001eae900000) (1024K)]
  0x00000121032c18a0 JavaThread "Unconstrained build operations Thread 28"        [_thread_blocked, id=2016, stack(0x0000001eae900000,0x0000001eaea00000) (1024K)]
  0x00000121032c32e0 JavaThread "Unconstrained build operations Thread 29"        [_thread_blocked, id=23712, stack(0x0000001eaea00000,0x0000001eaeb00000) (1024K)]
  0x00000121032c3970 JavaThread "Unconstrained build operations Thread 30"        [_thread_blocked, id=22444, stack(0x0000001eaeb00000,0x0000001eaec00000) (1024K)]
  0x00000121032c25c0 JavaThread "Unconstrained build operations Thread 31"        [_thread_blocked, id=22824, stack(0x0000001eaec00000,0x0000001eaed00000) (1024K)]
  0x00000121032c4000 JavaThread "Unconstrained build operations Thread 32"        [_thread_blocked, id=13356, stack(0x0000001eaed00000,0x0000001eaee00000) (1024K)]
  0x00000121032c4690 JavaThread "Unconstrained build operations Thread 33"        [_thread_blocked, id=3964, stack(0x0000001eaee00000,0x0000001eaef00000) (1024K)]
  0x0000012103637420 JavaThread "Unconstrained build operations Thread 34"        [_thread_blocked, id=21244, stack(0x0000001eaef00000,0x0000001eaf000000) (1024K)]
  0x0000012103638140 JavaThread "Unconstrained build operations Thread 35"        [_thread_blocked, id=23904, stack(0x0000001eaf000000,0x0000001eaf100000) (1024K)]
  0x0000012103638e60 JavaThread "Unconstrained build operations Thread 36"        [_thread_blocked, id=25196, stack(0x0000001ead700000,0x0000001ead800000) (1024K)]
  0x00000121036394f0 JavaThread "Unconstrained build operations Thread 37"        [_thread_blocked, id=16540, stack(0x0000001eaf100000,0x0000001eaf200000) (1024K)]
  0x0000012103636070 JavaThread "Unconstrained build operations Thread 38"        [_thread_blocked, id=26372, stack(0x0000001eaf200000,0x0000001eaf300000) (1024K)]
  0x0000012103639b80 JavaThread "Unconstrained build operations Thread 39"        [_thread_blocked, id=24888, stack(0x0000001eaf300000,0x0000001eaf400000) (1024K)]
  0x0000012103637ab0 JavaThread "Unconstrained build operations Thread 40"        [_thread_blocked, id=12452, stack(0x0000001eaf400000,0x0000001eaf500000) (1024K)]
  0x0000012103636700 JavaThread "Unconstrained build operations Thread 41"        [_thread_blocked, id=4036, stack(0x0000001eaf500000,0x0000001eaf600000) (1024K)]
  0x000001210363a210 JavaThread "Unconstrained build operations Thread 42"        [_thread_blocked, id=18936, stack(0x0000001eaf600000,0x0000001eaf700000) (1024K)]
  0x00000121098521d0 JavaThread "WorkerExecutor Queue"              [_thread_blocked, id=2756, stack(0x0000001eaf800000,0x0000001eaf900000) (1024K)]
  0x000001210884ea60 JavaThread "Unconstrained build operations Thread 43"        [_thread_blocked, id=15608, stack(0x0000001eaf900000,0x0000001eafa00000) (1024K)]
  0x000001210884d6b0 JavaThread "Unconstrained build operations Thread 44"        [_thread_blocked, id=23916, stack(0x0000001eafa00000,0x0000001eafb00000) (1024K)]
  0x000001210884d020 JavaThread "Unconstrained build operations Thread 45"        [_thread_blocked, id=4648, stack(0x0000001eafb00000,0x0000001eafc00000) (1024K)]
  0x000001210884dd40 JavaThread "WorkerExecutor Queue Thread 2"        [_thread_blocked, id=5028, stack(0x0000001eafc00000,0x0000001eafd00000) (1024K)]
  0x000001210884e3d0 JavaThread "Unconstrained build operations Thread 46"        [_thread_blocked, id=24196, stack(0x0000001eafd00000,0x0000001eafe00000) (1024K)]
  0x000001210884f0f0 JavaThread "Unconstrained build operations Thread 47"        [_thread_blocked, id=11856, stack(0x0000001eafe00000,0x0000001eaff00000) (1024K)]
  0x000001210884f780 JavaThread "Unconstrained build operations Thread 48"        [_thread_blocked, id=24672, stack(0x0000001eaff00000,0x0000001eb0000000) (1024K)]
  0x000001210884c300 JavaThread "Unconstrained build operations Thread 49"        [_thread_blocked, id=11536, stack(0x0000001eb0000000,0x0000001eb0100000) (1024K)]
  0x000001210884fe10 JavaThread "Unconstrained build operations Thread 50"        [_thread_blocked, id=13572, stack(0x0000001eb0100000,0x0000001eb0200000) (1024K)]
  0x000001210884c990 JavaThread "Unconstrained build operations Thread 51"        [_thread_blocked, id=15756, stack(0x0000001eb0200000,0x0000001eb0300000) (1024K)]
  0x00000121088504a0 JavaThread "Unconstrained build operations Thread 52"        [_thread_blocked, id=15100, stack(0x0000001eb0300000,0x0000001eb0400000) (1024K)]
  0x00000121088511c0 JavaThread "Unconstrained build operations Thread 53"        [_thread_blocked, id=24448, stack(0x0000001eb0400000,0x0000001eb0500000) (1024K)]
  0x0000012108851850 JavaThread "Unconstrained build operations Thread 54"        [_thread_blocked, id=868, stack(0x0000001eb0500000,0x0000001eb0600000) (1024K)]
  0x0000012108852c00 JavaThread "Unconstrained build operations Thread 55"        [_thread_blocked, id=2400, stack(0x0000001eb0600000,0x0000001eb0700000) (1024K)]
  0x0000012108850b30 JavaThread "Unconstrained build operations Thread 56"        [_thread_blocked, id=18296, stack(0x0000001eb0700000,0x0000001eb0800000) (1024K)]
  0x0000012108851ee0 JavaThread "Unconstrained build operations Thread 57"        [_thread_blocked, id=18344, stack(0x0000001eb0800000,0x0000001eb0900000) (1024K)]
  0x0000012108852570 JavaThread "Unconstrained build operations Thread 58"        [_thread_blocked, id=12644, stack(0x0000001eb0900000,0x0000001eb0a00000) (1024K)]
  0x000001210984e030 JavaThread "Unconstrained build operations Thread 59"        [_thread_blocked, id=19352, stack(0x0000001eb0a00000,0x0000001eb0b00000) (1024K)]
  0x000001210984abb0 JavaThread "Unconstrained build operations Thread 60"        [_thread_blocked, id=24788, stack(0x0000001eb0d00000,0x0000001eb0e00000) (1024K)]
  0x000001210984cc80 JavaThread "Unconstrained build operations Thread 61"        [_thread_blocked, id=4520, stack(0x0000001eb0e00000,0x0000001eb0f00000) (1024K)]
  0x000001210984b8d0 JavaThread "Unconstrained build operations Thread 62"        [_thread_blocked, id=1140, stack(0x0000001eb0f00000,0x0000001eb1000000) (1024K)]
  0x000001210984bf60 JavaThread "Unconstrained build operations Thread 63"        [_thread_blocked, id=14300, stack(0x0000001eb1000000,0x0000001eb1100000) (1024K)]
  0x000001210984d310 JavaThread "Unconstrained build operations Thread 64"        [_thread_blocked, id=5828, stack(0x0000001eb1100000,0x0000001eb1200000) (1024K)]
  0x000001210984c5f0 JavaThread "Unconstrained build operations Thread 65"        [_thread_blocked, id=4492, stack(0x0000001eb1200000,0x0000001eb1300000) (1024K)]
  0x000001210984b240 JavaThread "Unconstrained build operations Thread 66"        [_thread_blocked, id=17988, stack(0x0000001eb1300000,0x0000001eb1400000) (1024K)]
  0x00000121098514b0 JavaThread "Unconstrained build operations Thread 67"        [_thread_blocked, id=8944, stack(0x0000001eaf700000,0x0000001eaf800000) (1024K)]
  0x0000012109850790 JavaThread "Unconstrained build operations Thread 68"        [_thread_blocked, id=1088, stack(0x0000001eb1400000,0x0000001eb1500000) (1024K)]
  0x0000012109851b40 JavaThread "Unconstrained build operations Thread 69"        [_thread_blocked, id=1416, stack(0x0000001eb1500000,0x0000001eb1600000) (1024K)]
  0x0000012109850e20 JavaThread "Unconstrained build operations Thread 70"        [_thread_blocked, id=21292, stack(0x0000001eb1600000,0x0000001eb1700000) (1024K)]
  0x000001210984e6c0 JavaThread "Unconstrained build operations Thread 71"        [_thread_blocked, id=10768, stack(0x0000001eb1700000,0x0000001eb1800000) (1024K)]
  0x000001210984ed50 JavaThread "Unconstrained build operations Thread 72"        [_thread_blocked, id=2384, stack(0x0000001eb1800000,0x0000001eb1900000) (1024K)]
  0x000001210984fa70 JavaThread "Unconstrained build operations Thread 73"        [_thread_blocked, id=19952, stack(0x0000001eb1900000,0x0000001eb1a00000) (1024K)]
  0x000001217ede38a0 JavaThread "Unconstrained build operations Thread 74"        [_thread_blocked, id=14160, stack(0x0000001eb1b00000,0x0000001eb1c00000) (1024K)]
  0x000001217ede3210 JavaThread "Unconstrained build operations Thread 75"        [_thread_blocked, id=19932, stack(0x0000001eb1c00000,0x0000001eb1d00000) (1024K)]
  0x000001217ede45c0 JavaThread "Unconstrained build operations Thread 76"        [_thread_blocked, id=16028, stack(0x0000001eb1d00000,0x0000001eb1e00000) (1024K)]
  0x000001217ede52e0 JavaThread "Unconstrained build operations Thread 77"        [_thread_blocked, id=23696, stack(0x0000001eb1e00000,0x0000001eb1f00000) (1024K)]
  0x000001217ede4c50 JavaThread "Unconstrained build operations Thread 78"        [_thread_blocked, id=9256, stack(0x0000001eb1f00000,0x0000001eb2000000) (1024K)]
  0x000001210363bc50 JavaThread "Unconstrained build operations Thread 79"        [_thread_blocked, id=1172, stack(0x0000001eb2000000,0x0000001eb2100000) (1024K)]
  0x000001210363c2e0 JavaThread "Unconstrained build operations Thread 80"        [_thread_blocked, id=6744, stack(0x0000001eb2100000,0x0000001eb2200000) (1024K)]
  0x000001210a4720c0 JavaThread "WorkerExecutor Queue Thread 3"        [_thread_blocked, id=15524, stack(0x0000001eb1a00000,0x0000001eb1b00000) (1024K)]
  0x000001210157a740 JavaThread "C2 CompilerThread1"         daemon [_thread_in_native, id=10440, stack(0x0000001ead600000,0x0000001ead700000) (1024K)]
  0x000001210b5679c0 JavaThread "C2 CompilerThread2"         daemon [_thread_blocked, id=16068, stack(0x0000001eb2200000,0x0000001eb2300000) (1024K)]
Total: 130

Other Threads:
=>0x0000012178154ff0 VMThread "VM Thread"                           [id=11276, stack(0x0000001ea9600000,0x0000001ea9700000) (1024K)]
  0x00000121780399c0 WatcherThread "VM Periodic Task Thread"        [id=18200, stack(0x0000001ea9500000,0x0000001ea9600000) (1024K)]
  0x000001215e73e000 WorkerThread "GC Thread#0"                     [id=24024, stack(0x0000001ea9000000,0x0000001ea9100000) (1024K)]
  0x0000012178c338c0 WorkerThread "GC Thread#1"                     [id=8664, stack(0x0000001eaa300000,0x0000001eaa400000) (1024K)]
  0x0000012178c33c60 WorkerThread "GC Thread#2"                     [id=3888, stack(0x0000001eaa400000,0x0000001eaa500000) (1024K)]
  0x0000012178a649a0 WorkerThread "GC Thread#3"                     [id=3456, stack(0x0000001eaa500000,0x0000001eaa600000) (1024K)]
  0x0000012178a64d40 WorkerThread "GC Thread#4"                     [id=11600, stack(0x0000001eaa600000,0x0000001eaa700000) (1024K)]
  0x0000012178a650e0 WorkerThread "GC Thread#5"                     [id=9420, stack(0x0000001eaa700000,0x0000001eaa800000) (1024K)]
  0x00000121788cf980 WorkerThread "GC Thread#6"                     [id=9288, stack(0x0000001eaa800000,0x0000001eaa900000) (1024K)]
  0x000001217e54ff20 WorkerThread "GC Thread#7"                     [id=21636, stack(0x0000001eab100000,0x0000001eab200000) (1024K)]
  0x000001215ea93010 ConcurrentGCThread "G1 Main Marker"            [id=11944, stack(0x0000001ea9100000,0x0000001ea9200000) (1024K)]
  0x000001215ea93a20 WorkerThread "G1 Conc#0"                       [id=24796, stack(0x0000001ea9200000,0x0000001ea9300000) (1024K)]
  0x000001217e54f7e0 WorkerThread "G1 Conc#1"                       [id=24808, stack(0x0000001eab200000,0x0000001eab300000) (1024K)]
  0x0000012177f88fe0 ConcurrentGCThread "G1 Refine#0"               [id=24408, stack(0x0000001ea9300000,0x0000001ea9400000) (1024K)]
  0x0000012177f89a60 ConcurrentGCThread "G1 Service"                [id=21572, stack(0x0000001ea9400000,0x0000001ea9500000) (1024K)]
Total: 15

Threads with active compile tasks:
C2 CompilerThread0  57785 20184       4       com.android.tools.r8.internal.IR::b (806 bytes)
C2 CompilerThread1  57785 19471 %     4       com.android.tools.r8.internal.Ed::a @ 3112 (6886 bytes)
C2 CompilerThread2  57785 19769 %     4       com.android.tools.r8.ir.optimize.h0::a @ 54 (510 bytes)
Total: 3

VM state: at safepoint (normal execution)

VM Mutex/Monitor currently owned by a thread:  ([mutex/lock_event])
[0x00007fff0fbed360] Threads_lock - owner thread: 0x0000012178154ff0
[0x00007fff0fbed460] Heap_lock - owner thread: 0x00000121032bf140

Heap address: 0x0000000080000000, size: 2048 MB, Compressed Oops mode: 32-bit

CDS archive(s) not mapped
Compressed class space mapped at: 0x0000000100000000-0x0000000140000000, reserved size: 1073741824
Narrow klass base: 0x0000000000000000, Narrow klass shift: 3, Narrow klass range: 0x140000000

GC Precious Log:
 CardTable entry size: 512
 Card Set container configuration: InlinePtr #cards 5 size 8 Array Of Cards #cards 12 size 40 Howl #buckets 4 coarsen threshold 1843 Howl Bitmap #cards 512 size 80 coarsen threshold 460 Card regions per heap region 1 cards per card region 2048
 CPUs: 8 total, 8 available
 Memory: 20160M
 Large Page Support: Disabled
 NUMA Support: Disabled
 Compressed Oops: Enabled (32-bit)
 Heap Region Size: 1M
 Heap Min Capacity: 8M
 Heap Initial Capacity: 316M
 Heap Max Capacity: 2G
 Pre-touch: Disabled
 Parallel Workers: 8
 Concurrent Workers: 2
 Concurrent Refinement Workers: 8
 Periodic GC: Disabled

Heap:
 garbage-first heap   total 349184K, used 180367K [0x0000000080000000, 0x0000000100000000)
  region size 1024K, 9 young (9216K), 9 survivors (9216K)
 Metaspace       used 139997K, committed 142144K, reserved 1179648K
  class space    used 18903K, committed 19968K, reserved 1048576K

Heap Regions: E=young(eden), S=young(survivor), O=old, HS=humongous(starts), HC=humongous(continues), CS=collection set, F=free, TAMS=top-at-mark-start, PB=parsable bottom
|   0|0x0000000080000000, 0x0000000080100000, 0x0000000080100000|100%|HS|  |TAMS 0x0000000080000000| PB 0x0000000080000000| Complete 
|   1|0x0000000080100000, 0x0000000080200000, 0x0000000080200000|100%|HC|  |TAMS 0x0000000080100000| PB 0x0000000080100000| Complete 
|   2|0x0000000080200000, 0x0000000080300000, 0x0000000080300000|100%|HC|  |TAMS 0x0000000080200000| PB 0x0000000080200000| Complete 
|   3|0x0000000080300000, 0x0000000080400000, 0x0000000080400000|100%| O|  |TAMS 0x0000000080300000| PB 0x0000000080300000| Untracked 
|   4|0x0000000080400000, 0x0000000080500000, 0x0000000080500000|100%| O|  |TAMS 0x0000000080400000| PB 0x0000000080400000| Untracked 
|   5|0x0000000080500000, 0x0000000080600000, 0x0000000080600000|100%| O|  |TAMS 0x0000000080500000| PB 0x0000000080500000| Untracked 
|   6|0x0000000080600000, 0x0000000080700000, 0x0000000080700000|100%|HS|  |TAMS 0x0000000080600000| PB 0x0000000080600000| Complete 
|   7|0x0000000080700000, 0x0000000080800000, 0x0000000080800000|100%| O|  |TAMS 0x0000000080700000| PB 0x0000000080700000| Untracked 
|   8|0x0000000080800000, 0x0000000080900000, 0x0000000080900000|100%| O|  |TAMS 0x0000000080800000| PB 0x0000000080800000| Untracked 
|   9|0x0000000080900000, 0x0000000080a00000, 0x0000000080a00000|100%| O|  |TAMS 0x0000000080900000| PB 0x0000000080900000| Untracked 
|  10|0x0000000080a00000, 0x0000000080b00000, 0x0000000080b00000|100%| O|  |TAMS 0x0000000080a00000| PB 0x0000000080a00000| Untracked 
|  11|0x0000000080b00000, 0x0000000080c00000, 0x0000000080c00000|100%| O|  |TAMS 0x0000000080b00000| PB 0x0000000080b00000| Untracked 
|  12|0x0000000080c00000, 0x0000000080d00000, 0x0000000080d00000|100%| O|  |TAMS 0x0000000080c00000| PB 0x0000000080c00000| Untracked 
|  13|0x0000000080d00000, 0x0000000080e00000, 0x0000000080e00000|100%| O|  |TAMS 0x0000000080d00000| PB 0x0000000080d00000| Untracked 
|  14|0x0000000080e00000, 0x0000000080f00000, 0x0000000080f00000|100%| O|  |TAMS 0x0000000080e00000| PB 0x0000000080e00000| Untracked 
|  15|0x0000000080f00000, 0x0000000081000000, 0x0000000081000000|100%| O|  |TAMS 0x0000000080f00000| PB 0x0000000080f00000| Untracked 
|  16|0x0000000081000000, 0x0000000081100000, 0x0000000081100000|100%| O|  |TAMS 0x0000000081000000| PB 0x0000000081000000| Untracked 
|  17|0x0000000081100000, 0x0000000081200000, 0x0000000081200000|100%| O|  |TAMS 0x0000000081100000| PB 0x0000000081100000| Untracked 
|  18|0x0000000081200000, 0x0000000081300000, 0x0000000081300000|100%| O|  |TAMS 0x0000000081200000| PB 0x0000000081200000| Untracked 
|  19|0x0000000081300000, 0x0000000081400000, 0x0000000081400000|100%| O|  |TAMS 0x0000000081300000| PB 0x0000000081300000| Untracked 
|  20|0x0000000081400000, 0x0000000081500000, 0x0000000081500000|100%| O|  |TAMS 0x0000000081400000| PB 0x0000000081400000| Untracked 
|  21|0x0000000081500000, 0x0000000081600000, 0x0000000081600000|100%| O|  |TAMS 0x0000000081500000| PB 0x0000000081500000| Untracked 
|  22|0x0000000081600000, 0x0000000081700000, 0x0000000081700000|100%| O|  |TAMS 0x0000000081600000| PB 0x0000000081600000| Untracked 
|  23|0x0000000081700000, 0x0000000081800000, 0x0000000081800000|100%| O|  |TAMS 0x0000000081700000| PB 0x0000000081700000| Untracked 
|  24|0x0000000081800000, 0x0000000081900000, 0x0000000081900000|100%| O|  |TAMS 0x0000000081800000| PB 0x0000000081800000| Untracked 
|  25|0x0000000081900000, 0x0000000081a00000, 0x0000000081a00000|100%| O|  |TAMS 0x0000000081900000| PB 0x0000000081900000| Untracked 
|  26|0x0000000081a00000, 0x0000000081b00000, 0x0000000081b00000|100%| O|  |TAMS 0x0000000081a00000| PB 0x0000000081a00000| Untracked 
|  27|0x0000000081b00000, 0x0000000081c00000, 0x0000000081c00000|100%| O|  |TAMS 0x0000000081b00000| PB 0x0000000081b00000| Untracked 
|  28|0x0000000081c00000, 0x0000000081d00000, 0x0000000081d00000|100%| O|  |TAMS 0x0000000081c00000| PB 0x0000000081c00000| Untracked 
|  29|0x0000000081d00000, 0x0000000081e00000, 0x0000000081e00000|100%| O|  |TAMS 0x0000000081d00000| PB 0x0000000081d00000| Untracked 
|  30|0x0000000081e00000, 0x0000000081f00000, 0x0000000081f00000|100%| O|  |TAMS 0x0000000081e00000| PB 0x0000000081e00000| Untracked 
|  31|0x0000000081f00000, 0x0000000082000000, 0x0000000082000000|100%| O|  |TAMS 0x0000000081f00000| PB 0x0000000081f00000| Untracked 
|  32|0x0000000082000000, 0x0000000082100000, 0x0000000082100000|100%| O|  |TAMS 0x0000000082000000| PB 0x0000000082000000| Untracked 
|  33|0x0000000082100000, 0x0000000082200000, 0x0000000082200000|100%| O|  |TAMS 0x0000000082100000| PB 0x0000000082100000| Untracked 
|  34|0x0000000082200000, 0x0000000082300000, 0x0000000082300000|100%| O|  |TAMS 0x0000000082200000| PB 0x0000000082200000| Untracked 
|  35|0x0000000082300000, 0x0000000082400000, 0x0000000082400000|100%| O|  |TAMS 0x0000000082300000| PB 0x0000000082300000| Untracked 
|  36|0x0000000082400000, 0x0000000082500000, 0x0000000082500000|100%| O|  |TAMS 0x0000000082400000| PB 0x0000000082400000| Untracked 
|  37|0x0000000082500000, 0x0000000082600000, 0x0000000082600000|100%|HS|  |TAMS 0x0000000082500000| PB 0x0000000082500000| Complete 
|  38|0x0000000082600000, 0x0000000082700000, 0x0000000082700000|100%| O|  |TAMS 0x0000000082600000| PB 0x0000000082600000| Untracked 
|  39|0x0000000082700000, 0x0000000082800000, 0x0000000082800000|100%| O|  |TAMS 0x0000000082700000| PB 0x0000000082700000| Untracked 
|  40|0x0000000082800000, 0x0000000082900000, 0x0000000082900000|100%| O|  |TAMS 0x0000000082800000| PB 0x0000000082800000| Untracked 
|  41|0x0000000082900000, 0x00000000829ffff8, 0x0000000082a00000| 99%| O|  |TAMS 0x0000000082900000| PB 0x0000000082900000| Untracked 
|  42|0x0000000082a00000, 0x0000000082b00000, 0x0000000082b00000|100%| O|  |TAMS 0x0000000082a00000| PB 0x0000000082a00000| Untracked 
|  43|0x0000000082b00000, 0x0000000082c00000, 0x0000000082c00000|100%| O|  |TAMS 0x0000000082b00000| PB 0x0000000082b00000| Untracked 
|  44|0x0000000082c00000, 0x0000000082d00000, 0x0000000082d00000|100%| O|  |TAMS 0x0000000082c00000| PB 0x0000000082c00000| Untracked 
|  45|0x0000000082d00000, 0x0000000082e00000, 0x0000000082e00000|100%| O|  |TAMS 0x0000000082d00000| PB 0x0000000082d00000| Untracked 
|  46|0x0000000082e00000, 0x0000000082f00000, 0x0000000082f00000|100%| O|  |TAMS 0x0000000082e00000| PB 0x0000000082e00000| Untracked 
|  47|0x0000000082f00000, 0x0000000083000000, 0x0000000083000000|100%| O|  |TAMS 0x0000000082f00000| PB 0x0000000082f00000| Untracked 
|  48|0x0000000083000000, 0x0000000083100000, 0x0000000083100000|100%| O|  |TAMS 0x0000000083000000| PB 0x0000000083000000| Untracked 
|  49|0x0000000083100000, 0x0000000083200000, 0x0000000083200000|100%|HS|  |TAMS 0x0000000083100000| PB 0x0000000083100000| Complete 
|  50|0x0000000083200000, 0x0000000083300000, 0x0000000083300000|100%|HS|  |TAMS 0x0000000083200000| PB 0x0000000083200000| Complete 
|  51|0x0000000083300000, 0x0000000083400000, 0x0000000083400000|100%|HS|  |TAMS 0x0000000083300000| PB 0x0000000083300000| Complete 
|  52|0x0000000083400000, 0x0000000083500000, 0x0000000083500000|100%|HS|  |TAMS 0x0000000083400000| PB 0x0000000083400000| Complete 
|  53|0x0000000083500000, 0x0000000083600000, 0x0000000083600000|100%| O|  |TAMS 0x0000000083500000| PB 0x0000000083500000| Untracked 
|  54|0x0000000083600000, 0x0000000083700000, 0x0000000083700000|100%|HS|  |TAMS 0x0000000083600000| PB 0x0000000083600000| Complete 
|  55|0x0000000083700000, 0x0000000083800000, 0x0000000083800000|100%| O|  |TAMS 0x0000000083700000| PB 0x0000000083700000| Untracked 
|  56|0x0000000083800000, 0x0000000083900000, 0x0000000083900000|100%| O|  |TAMS 0x0000000083800000| PB 0x0000000083800000| Untracked 
|  57|0x0000000083900000, 0x0000000083a00000, 0x0000000083a00000|100%| O|  |TAMS 0x0000000083900000| PB 0x0000000083900000| Untracked 
|  58|0x0000000083a00000, 0x0000000083b00000, 0x0000000083b00000|100%| O|  |TAMS 0x0000000083a00000| PB 0x0000000083a00000| Untracked 
|  59|0x0000000083b00000, 0x0000000083c00000, 0x0000000083c00000|100%| O|  |TAMS 0x0000000083b00000| PB 0x0000000083b00000| Untracked 
|  60|0x0000000083c00000, 0x0000000083d00000, 0x0000000083d00000|100%| O|  |TAMS 0x0000000083c00000| PB 0x0000000083c00000| Untracked 
|  61|0x0000000083d00000, 0x0000000083e00000, 0x0000000083e00000|100%| O|  |TAMS 0x0000000083d00000| PB 0x0000000083d00000| Untracked 
|  62|0x0000000083e00000, 0x0000000083f00000, 0x0000000083f00000|100%| O|  |TAMS 0x0000000083e00000| PB 0x0000000083e00000| Untracked 
|  63|0x0000000083f00000, 0x0000000084000000, 0x0000000084000000|100%|HS|  |TAMS 0x0000000083f00000| PB 0x0000000083f00000| Complete 
|  64|0x0000000084000000, 0x0000000084100000, 0x0000000084100000|100%| O|  |TAMS 0x0000000084000000| PB 0x0000000084000000| Untracked 
|  65|0x0000000084100000, 0x0000000084200000, 0x0000000084200000|100%| O|  |TAMS 0x0000000084100000| PB 0x0000000084100000| Untracked 
|  66|0x0000000084200000, 0x0000000084300000, 0x0000000084300000|100%| O|  |TAMS 0x0000000084200000| PB 0x0000000084200000| Untracked 
|  67|0x0000000084300000, 0x0000000084400000, 0x0000000084400000|100%| O|  |TAMS 0x0000000084300000| PB 0x0000000084300000| Untracked 
|  68|0x0000000084400000, 0x0000000084500000, 0x0000000084500000|100%| O|  |TAMS 0x0000000084400000| PB 0x0000000084400000| Untracked 
|  69|0x0000000084500000, 0x0000000084600000, 0x0000000084600000|100%| O|  |TAMS 0x0000000084500000| PB 0x0000000084500000| Untracked 
|  70|0x0000000084600000, 0x0000000084700000, 0x0000000084700000|100%| O|  |TAMS 0x0000000084600000| PB 0x0000000084600000| Untracked 
|  71|0x0000000084700000, 0x0000000084800000, 0x0000000084800000|100%| O|  |TAMS 0x0000000084700000| PB 0x0000000084700000| Untracked 
|  72|0x0000000084800000, 0x0000000084900000, 0x0000000084900000|100%| O|  |TAMS 0x0000000084800000| PB 0x0000000084800000| Untracked 
|  73|0x0000000084900000, 0x0000000084a00000, 0x0000000084a00000|100%| O|  |TAMS 0x0000000084900000| PB 0x0000000084900000| Untracked 
|  74|0x0000000084a00000, 0x0000000084b00000, 0x0000000084b00000|100%| O|  |TAMS 0x0000000084a00000| PB 0x0000000084a00000| Untracked 
|  75|0x0000000084b00000, 0x0000000084c00000, 0x0000000084c00000|100%| O|  |TAMS 0x0000000084b00000| PB 0x0000000084b00000| Untracked 
|  76|0x0000000084c00000, 0x0000000084d00000, 0x0000000084d00000|100%| O|  |TAMS 0x0000000084c00000| PB 0x0000000084c00000| Untracked 
|  77|0x0000000084d00000, 0x0000000084e00000, 0x0000000084e00000|100%| O|  |TAMS 0x0000000084d00000| PB 0x0000000084d00000| Untracked 
|  78|0x0000000084e00000, 0x0000000084f00000, 0x0000000084f00000|100%| O|  |TAMS 0x0000000084e00000| PB 0x0000000084e00000| Untracked 
|  79|0x0000000084f00000, 0x0000000085000000, 0x0000000085000000|100%| O|  |TAMS 0x0000000084f00000| PB 0x0000000084f00000| Untracked 
|  80|0x0000000085000000, 0x0000000085100000, 0x0000000085100000|100%| O|  |TAMS 0x0000000085000000| PB 0x0000000085000000| Untracked 
|  81|0x0000000085100000, 0x0000000085200000, 0x0000000085200000|100%| O|  |TAMS 0x0000000085100000| PB 0x0000000085100000| Untracked 
|  82|0x0000000085200000, 0x0000000085300000, 0x0000000085300000|100%| O|  |TAMS 0x0000000085200000| PB 0x0000000085200000| Untracked 
|  83|0x0000000085300000, 0x0000000085400000, 0x0000000085400000|100%| O|  |TAMS 0x0000000085300000| PB 0x0000000085300000| Untracked 
|  84|0x0000000085400000, 0x0000000085500000, 0x0000000085500000|100%| O|  |TAMS 0x0000000085400000| PB 0x0000000085400000| Untracked 
|  85|0x0000000085500000, 0x0000000085600000, 0x0000000085600000|100%| O|  |TAMS 0x0000000085500000| PB 0x0000000085500000| Untracked 
|  86|0x0000000085600000, 0x0000000085700000, 0x0000000085700000|100%| O|  |TAMS 0x0000000085600000| PB 0x0000000085600000| Untracked 
|  87|0x0000000085700000, 0x0000000085800000, 0x0000000085800000|100%| O|  |TAMS 0x0000000085700000| PB 0x0000000085700000| Untracked 
|  88|0x0000000085800000, 0x0000000085900000, 0x0000000085900000|100%| O|  |TAMS 0x0000000085800000| PB 0x0000000085800000| Untracked 
|  89|0x0000000085900000, 0x0000000085a00000, 0x0000000085a00000|100%| O|  |TAMS 0x0000000085900000| PB 0x0000000085900000| Untracked 
|  90|0x0000000085a00000, 0x0000000085b00000, 0x0000000085b00000|100%| O|  |TAMS 0x0000000085a00000| PB 0x0000000085a00000| Untracked 
|  91|0x0000000085b00000, 0x0000000085c00000, 0x0000000085c00000|100%| O|  |TAMS 0x0000000085b00000| PB 0x0000000085b00000| Untracked 
|  92|0x0000000085c00000, 0x0000000085d00000, 0x0000000085d00000|100%| O|  |TAMS 0x0000000085c00000| PB 0x0000000085c00000| Untracked 
|  93|0x0000000085d00000, 0x0000000085e00000, 0x0000000085e00000|100%| O|  |TAMS 0x0000000085d00000| PB 0x0000000085d00000| Untracked 
|  94|0x0000000085e00000, 0x0000000085f00000, 0x0000000085f00000|100%| O|  |TAMS 0x0000000085e00000| PB 0x0000000085e00000| Untracked 
|  95|0x0000000085f00000, 0x0000000085f00000, 0x0000000086000000|  0%| F|  |TAMS 0x0000000085f00000| PB 0x0000000085f00000| Untracked 
|  96|0x0000000086000000, 0x0000000086100000, 0x0000000086100000|100%| O|  |TAMS 0x0000000086000000| PB 0x0000000086000000| Untracked 
|  97|0x0000000086100000, 0x0000000086200000, 0x0000000086200000|100%| O|  |TAMS 0x0000000086100000| PB 0x0000000086100000| Untracked 
|  98|0x0000000086200000, 0x0000000086300000, 0x0000000086300000|100%| O|  |TAMS 0x0000000086200000| PB 0x0000000086200000| Untracked 
|  99|0x0000000086300000, 0x0000000086400000, 0x0000000086400000|100%| O|  |TAMS 0x0000000086300000| PB 0x0000000086300000| Untracked 
| 100|0x0000000086400000, 0x0000000086500000, 0x0000000086500000|100%| O|  |TAMS 0x0000000086400000| PB 0x0000000086400000| Untracked 
| 101|0x0000000086500000, 0x0000000086600000, 0x0000000086600000|100%| O|  |TAMS 0x0000000086500000| PB 0x0000000086500000| Untracked 
| 102|0x0000000086600000, 0x0000000086700000, 0x0000000086700000|100%| O|  |TAMS 0x0000000086600000| PB 0x0000000086600000| Untracked 
| 103|0x0000000086700000, 0x0000000086800000, 0x0000000086800000|100%| O|  |TAMS 0x0000000086700000| PB 0x0000000086700000| Untracked 
| 104|0x0000000086800000, 0x0000000086900000, 0x0000000086900000|100%| O|  |TAMS 0x0000000086800000| PB 0x0000000086800000| Untracked 
| 105|0x0000000086900000, 0x0000000086a00000, 0x0000000086a00000|100%| O|  |TAMS 0x0000000086900000| PB 0x0000000086900000| Untracked 
| 106|0x0000000086a00000, 0x0000000086b00000, 0x0000000086b00000|100%| O|  |TAMS 0x0000000086a00000| PB 0x0000000086a00000| Untracked 
| 107|0x0000000086b00000, 0x0000000086c00000, 0x0000000086c00000|100%| O|  |TAMS 0x0000000086b00000| PB 0x0000000086b00000| Untracked 
| 108|0x0000000086c00000, 0x0000000086d00000, 0x0000000086d00000|100%| O|  |TAMS 0x0000000086c00000| PB 0x0000000086c00000| Untracked 
| 109|0x0000000086d00000, 0x0000000086e00000, 0x0000000086e00000|100%| O|  |TAMS 0x0000000086d00000| PB 0x0000000086d00000| Untracked 
| 110|0x0000000086e00000, 0x0000000086f00000, 0x0000000086f00000|100%| O|  |TAMS 0x0000000086e00000| PB 0x0000000086e00000| Untracked 
| 111|0x0000000086f00000, 0x0000000087000000, 0x0000000087000000|100%| O|  |TAMS 0x0000000086f00000| PB 0x0000000086f00000| Untracked 
| 112|0x0000000087000000, 0x0000000087100000, 0x0000000087100000|100%| O|  |TAMS 0x0000000087000000| PB 0x0000000087000000| Untracked 
| 113|0x0000000087100000, 0x0000000087200000, 0x0000000087200000|100%| O|  |TAMS 0x0000000087100000| PB 0x0000000087100000| Untracked 
| 114|0x0000000087200000, 0x0000000087300000, 0x0000000087300000|100%| O|  |TAMS 0x0000000087200000| PB 0x0000000087200000| Untracked 
| 115|0x0000000087300000, 0x0000000087400000, 0x0000000087400000|100%| O|  |TAMS 0x0000000087300000| PB 0x0000000087300000| Untracked 
| 116|0x0000000087400000, 0x0000000087500000, 0x0000000087500000|100%| O|  |TAMS 0x0000000087400000| PB 0x0000000087400000| Untracked 
| 117|0x0000000087500000, 0x0000000087600000, 0x0000000087600000|100%| O|  |TAMS 0x0000000087500000| PB 0x0000000087500000| Untracked 
| 118|0x0000000087600000, 0x0000000087700000, 0x0000000087700000|100%| O|  |TAMS 0x0000000087600000| PB 0x0000000087600000| Untracked 
| 119|0x0000000087700000, 0x0000000087800000, 0x0000000087800000|100%| O|  |TAMS 0x0000000087700000| PB 0x0000000087700000| Untracked 
| 120|0x0000000087800000, 0x0000000087900000, 0x0000000087900000|100%| O|  |TAMS 0x0000000087800000| PB 0x0000000087800000| Untracked 
| 121|0x0000000087900000, 0x0000000087a00000, 0x0000000087a00000|100%| O|  |TAMS 0x0000000087900000| PB 0x0000000087900000| Untracked 
| 122|0x0000000087a00000, 0x0000000087b00000, 0x0000000087b00000|100%| O|  |TAMS 0x0000000087a00000| PB 0x0000000087a00000| Untracked 
| 123|0x0000000087b00000, 0x0000000087c00000, 0x0000000087c00000|100%| O|  |TAMS 0x0000000087b00000| PB 0x0000000087b00000| Untracked 
| 124|0x0000000087c00000, 0x0000000087d00000, 0x0000000087d00000|100%| O|  |TAMS 0x0000000087c00000| PB 0x0000000087c00000| Untracked 
| 125|0x0000000087d00000, 0x0000000087e00000, 0x0000000087e00000|100%| O|  |TAMS 0x0000000087d00000| PB 0x0000000087d00000| Untracked 
| 126|0x0000000087e00000, 0x0000000087f00000, 0x0000000087f00000|100%| O|  |TAMS 0x0000000087e00000| PB 0x0000000087e00000| Untracked 
| 127|0x0000000087f00000, 0x0000000088000000, 0x0000000088000000|100%| O|  |TAMS 0x0000000087f00000| PB 0x0000000087f00000| Untracked 
| 128|0x0000000088000000, 0x0000000088100000, 0x0000000088100000|100%| O|  |TAMS 0x0000000088000000| PB 0x0000000088000000| Untracked 
| 129|0x0000000088100000, 0x0000000088200000, 0x0000000088200000|100%| O|  |TAMS 0x0000000088100000| PB 0x0000000088100000| Untracked 
| 130|0x0000000088200000, 0x0000000088300000, 0x0000000088300000|100%| O|  |TAMS 0x0000000088200000| PB 0x0000000088200000| Untracked 
| 131|0x0000000088300000, 0x0000000088400000, 0x0000000088400000|100%| O|  |TAMS 0x0000000088300000| PB 0x0000000088300000| Untracked 
| 132|0x0000000088400000, 0x0000000088500000, 0x0000000088500000|100%| O|  |TAMS 0x0000000088400000| PB 0x0000000088400000| Untracked 
| 133|0x0000000088500000, 0x0000000088600000, 0x0000000088600000|100%| O|  |TAMS 0x0000000088500000| PB 0x0000000088500000| Untracked 
| 134|0x0000000088600000, 0x0000000088700000, 0x0000000088700000|100%| O|  |TAMS 0x0000000088600000| PB 0x0000000088600000| Untracked 
| 135|0x0000000088700000, 0x0000000088800000, 0x0000000088800000|100%| O|  |TAMS 0x0000000088700000| PB 0x0000000088700000| Untracked 
| 136|0x0000000088800000, 0x0000000088900000, 0x0000000088900000|100%| O|  |TAMS 0x0000000088800000| PB 0x0000000088800000| Untracked 
| 137|0x0000000088900000, 0x0000000088a00000, 0x0000000088a00000|100%| O|  |TAMS 0x0000000088900000| PB 0x0000000088900000| Untracked 
| 138|0x0000000088a00000, 0x0000000088b00000, 0x0000000088b00000|100%| O|  |TAMS 0x0000000088a00000| PB 0x0000000088a00000| Untracked 
| 139|0x0000000088b00000, 0x0000000088c00000, 0x0000000088c00000|100%| O|  |TAMS 0x0000000088b00000| PB 0x0000000088b00000| Untracked 
| 140|0x0000000088c00000, 0x0000000088d00000, 0x0000000088d00000|100%| O|  |TAMS 0x0000000088c00000| PB 0x0000000088c00000| Untracked 
| 141|0x0000000088d00000, 0x0000000088e00000, 0x0000000088e00000|100%| O|  |TAMS 0x0000000088d00000| PB 0x0000000088d00000| Untracked 
| 142|0x0000000088e00000, 0x0000000088e00000, 0x0000000088f00000|  0%| F|  |TAMS 0x0000000088e00000| PB 0x0000000088e00000| Untracked 
| 143|0x0000000088f00000, 0x0000000089000000, 0x0000000089000000|100%| O|  |TAMS 0x0000000088f00000| PB 0x0000000088f00000| Untracked 
| 144|0x0000000089000000, 0x0000000089100000, 0x0000000089100000|100%| O|  |TAMS 0x0000000089000000| PB 0x0000000089000000| Untracked 
| 145|0x0000000089100000, 0x0000000089200000, 0x0000000089200000|100%| O|  |TAMS 0x0000000089100000| PB 0x0000000089100000| Untracked 
| 146|0x0000000089200000, 0x0000000089300000, 0x0000000089300000|100%| O|  |TAMS 0x0000000089200000| PB 0x0000000089200000| Untracked 
| 147|0x0000000089300000, 0x0000000089400000, 0x0000000089400000|100%| O|  |TAMS 0x0000000089300000| PB 0x0000000089300000| Untracked 
| 148|0x0000000089400000, 0x0000000089500000, 0x0000000089500000|100%| O|  |TAMS 0x0000000089400000| PB 0x0000000089400000| Untracked 
| 149|0x0000000089500000, 0x0000000089600000, 0x0000000089600000|100%| O|  |TAMS 0x0000000089500000| PB 0x0000000089500000| Untracked 
| 150|0x0000000089600000, 0x0000000089700000, 0x0000000089700000|100%| O|  |TAMS 0x0000000089600000| PB 0x0000000089600000| Untracked 
| 151|0x0000000089700000, 0x0000000089800000, 0x0000000089800000|100%| O|  |TAMS 0x0000000089700000| PB 0x0000000089700000| Untracked 
| 152|0x0000000089800000, 0x0000000089900000, 0x0000000089900000|100%| O|  |TAMS 0x0000000089800000| PB 0x0000000089800000| Untracked 
| 153|0x0000000089900000, 0x0000000089a00000, 0x0000000089a00000|100%| O|  |TAMS 0x0000000089900000| PB 0x0000000089900000| Untracked 
| 154|0x0000000089a00000, 0x0000000089a00000, 0x0000000089b00000|  0%| F|  |TAMS 0x0000000089a00000| PB 0x0000000089a00000| Untracked 
| 155|0x0000000089b00000, 0x0000000089b00000, 0x0000000089c00000|  0%| F|  |TAMS 0x0000000089b00000| PB 0x0000000089b00000| Untracked 
| 156|0x0000000089c00000, 0x0000000089d00000, 0x0000000089d00000|100%| O|  |TAMS 0x0000000089c00000| PB 0x0000000089c00000| Untracked 
| 157|0x0000000089d00000, 0x0000000089e00000, 0x0000000089e00000|100%| O|  |TAMS 0x0000000089d00000| PB 0x0000000089d00000| Untracked 
| 158|0x0000000089e00000, 0x0000000089f00000, 0x0000000089f00000|100%| O|  |TAMS 0x0000000089e00000| PB 0x0000000089e00000| Untracked 
| 159|0x0000000089f00000, 0x000000008a000000, 0x000000008a000000|100%| O|  |TAMS 0x0000000089f00000| PB 0x0000000089f00000| Untracked 
| 160|0x000000008a000000, 0x000000008a100000, 0x000000008a100000|100%| O|  |TAMS 0x000000008a000000| PB 0x000000008a000000| Untracked 
| 161|0x000000008a100000, 0x000000008a200000, 0x000000008a200000|100%| O|  |TAMS 0x000000008a100000| PB 0x000000008a100000| Untracked 
| 162|0x000000008a200000, 0x000000008a300000, 0x000000008a300000|100%| O|  |TAMS 0x000000008a200000| PB 0x000000008a200000| Untracked 
| 163|0x000000008a300000, 0x000000008a300000, 0x000000008a400000|  0%| F|  |TAMS 0x000000008a300000| PB 0x000000008a300000| Untracked 
| 164|0x000000008a400000, 0x000000008a500000, 0x000000008a500000|100%| O|  |TAMS 0x000000008a400000| PB 0x000000008a400000| Untracked 
| 165|0x000000008a500000, 0x000000008a600000, 0x000000008a600000|100%| O|  |TAMS 0x000000008a500000| PB 0x000000008a500000| Untracked 
| 166|0x000000008a600000, 0x000000008a700000, 0x000000008a700000|100%| O|  |TAMS 0x000000008a600000| PB 0x000000008a600000| Untracked 
| 167|0x000000008a700000, 0x000000008a800000, 0x000000008a800000|100%| O|  |TAMS 0x000000008a700000| PB 0x000000008a700000| Untracked 
| 168|0x000000008a800000, 0x000000008a900000, 0x000000008a900000|100%| O|  |TAMS 0x000000008a800000| PB 0x000000008a800000| Untracked 
| 169|0x000000008a900000, 0x000000008aa00000, 0x000000008aa00000|100%| O|  |TAMS 0x000000008a900000| PB 0x000000008a900000| Untracked 
| 170|0x000000008aa00000, 0x000000008aa6cc60, 0x000000008ab00000| 42%| O|  |TAMS 0x000000008aa00000| PB 0x000000008aa00000| Untracked 
| 171|0x000000008ab00000, 0x000000008ab00000, 0x000000008ac00000|  0%| F|  |TAMS 0x000000008ab00000| PB 0x000000008ab00000| Untracked 
| 172|0x000000008ac00000, 0x000000008ac00000, 0x000000008ad00000|  0%| F|  |TAMS 0x000000008ac00000| PB 0x000000008ac00000| Untracked 
| 173|0x000000008ad00000, 0x000000008ad00000, 0x000000008ae00000|  0%| F|  |TAMS 0x000000008ad00000| PB 0x000000008ad00000| Untracked 
| 174|0x000000008ae00000, 0x000000008ae00000, 0x000000008af00000|  0%| F|  |TAMS 0x000000008ae00000| PB 0x000000008ae00000| Untracked 
| 175|0x000000008af00000, 0x000000008af00000, 0x000000008b000000|  0%| F|  |TAMS 0x000000008af00000| PB 0x000000008af00000| Untracked 
| 176|0x000000008b000000, 0x000000008b000000, 0x000000008b100000|  0%| F|  |TAMS 0x000000008b000000| PB 0x000000008b000000| Untracked 
| 177|0x000000008b100000, 0x000000008b100000, 0x000000008b200000|  0%| F|  |TAMS 0x000000008b100000| PB 0x000000008b100000| Untracked 
| 178|0x000000008b200000, 0x000000008b200000, 0x000000008b300000|  0%| F|  |TAMS 0x000000008b200000| PB 0x000000008b200000| Untracked 
| 179|0x000000008b300000, 0x000000008b300000, 0x000000008b400000|  0%| F|  |TAMS 0x000000008b300000| PB 0x000000008b300000| Untracked 
| 180|0x000000008b400000, 0x000000008b400000, 0x000000008b500000|  0%| F|  |TAMS 0x000000008b400000| PB 0x000000008b400000| Untracked 
| 181|0x000000008b500000, 0x000000008b500000, 0x000000008b600000|  0%| F|  |TAMS 0x000000008b500000| PB 0x000000008b500000| Untracked 
| 182|0x000000008b600000, 0x000000008b600000, 0x000000008b700000|  0%| F|  |TAMS 0x000000008b600000| PB 0x000000008b600000| Untracked 
| 183|0x000000008b700000, 0x000000008b700000, 0x000000008b800000|  0%| F|  |TAMS 0x000000008b700000| PB 0x000000008b700000| Untracked 
| 184|0x000000008b800000, 0x000000008b8b7020, 0x000000008b900000| 71%| S|CS|TAMS 0x000000008b800000| PB 0x000000008b800000| Complete 
| 185|0x000000008b900000, 0x000000008ba00000, 0x000000008ba00000|100%| S|CS|TAMS 0x000000008b900000| PB 0x000000008b900000| Complete 
| 186|0x000000008ba00000, 0x000000008bb00000, 0x000000008bb00000|100%| S|CS|TAMS 0x000000008ba00000| PB 0x000000008ba00000| Complete 
| 187|0x000000008bb00000, 0x000000008bc00000, 0x000000008bc00000|100%| S|CS|TAMS 0x000000008bb00000| PB 0x000000008bb00000| Complete 
| 188|0x000000008bc00000, 0x000000008bd00000, 0x000000008bd00000|100%| S|CS|TAMS 0x000000008bc00000| PB 0x000000008bc00000| Complete 
| 189|0x000000008bd00000, 0x000000008be00000, 0x000000008be00000|100%| S|CS|TAMS 0x000000008bd00000| PB 0x000000008bd00000| Complete 
| 190|0x000000008be00000, 0x000000008bf00000, 0x000000008bf00000|100%| S|CS|TAMS 0x000000008be00000| PB 0x000000008be00000| Complete 
| 191|0x000000008bf00000, 0x000000008c000000, 0x000000008c000000|100%| S|CS|TAMS 0x000000008bf00000| PB 0x000000008bf00000| Complete 
| 192|0x000000008c000000, 0x000000008c100000, 0x000000008c100000|100%| S|CS|TAMS 0x000000008c000000| PB 0x000000008c000000| Complete 
| 193|0x000000008c100000, 0x000000008c100000, 0x000000008c200000|  0%| F|  |TAMS 0x000000008c100000| PB 0x000000008c100000| Untracked 
| 194|0x000000008c200000, 0x000000008c200000, 0x000000008c300000|  0%| F|  |TAMS 0x000000008c200000| PB 0x000000008c200000| Untracked 
| 195|0x000000008c300000, 0x000000008c300000, 0x000000008c400000|  0%| F|  |TAMS 0x000000008c300000| PB 0x000000008c300000| Untracked 
| 196|0x000000008c400000, 0x000000008c400000, 0x000000008c500000|  0%| F|  |TAMS 0x000000008c400000| PB 0x000000008c400000| Untracked 
| 197|0x000000008c500000, 0x000000008c500000, 0x000000008c600000|  0%| F|  |TAMS 0x000000008c500000| PB 0x000000008c500000| Untracked 
| 198|0x000000008c600000, 0x000000008c600000, 0x000000008c700000|  0%| F|  |TAMS 0x000000008c600000| PB 0x000000008c600000| Untracked 
| 199|0x000000008c700000, 0x000000008c700000, 0x000000008c800000|  0%| F|  |TAMS 0x000000008c700000| PB 0x000000008c700000| Untracked 
| 200|0x000000008c800000, 0x000000008c800000, 0x000000008c900000|  0%| F|  |TAMS 0x000000008c800000| PB 0x000000008c800000| Untracked 
| 201|0x000000008c900000, 0x000000008c900000, 0x000000008ca00000|  0%| F|  |TAMS 0x000000008c900000| PB 0x000000008c900000| Untracked 
| 202|0x000000008ca00000, 0x000000008ca00000, 0x000000008cb00000|  0%| F|  |TAMS 0x000000008ca00000| PB 0x000000008ca00000| Untracked 
| 203|0x000000008cb00000, 0x000000008cb00000, 0x000000008cc00000|  0%| F|  |TAMS 0x000000008cb00000| PB 0x000000008cb00000| Untracked 
| 204|0x000000008cc00000, 0x000000008cc00000, 0x000000008cd00000|  0%| F|  |TAMS 0x000000008cc00000| PB 0x000000008cc00000| Untracked 
| 205|0x000000008cd00000, 0x000000008cd00000, 0x000000008ce00000|  0%| F|  |TAMS 0x000000008cd00000| PB 0x000000008cd00000| Untracked 
| 206|0x000000008ce00000, 0x000000008ce00000, 0x000000008cf00000|  0%| F|  |TAMS 0x000000008ce00000| PB 0x000000008ce00000| Untracked 
| 207|0x000000008cf00000, 0x000000008cf00000, 0x000000008d000000|  0%| F|  |TAMS 0x000000008cf00000| PB 0x000000008cf00000| Untracked 
| 208|0x000000008d000000, 0x000000008d000000, 0x000000008d100000|  0%| F|  |TAMS 0x000000008d000000| PB 0x000000008d000000| Untracked 
| 209|0x000000008d100000, 0x000000008d100000, 0x000000008d200000|  0%| F|  |TAMS 0x000000008d100000| PB 0x000000008d100000| Untracked 
| 210|0x000000008d200000, 0x000000008d200000, 0x000000008d300000|  0%| F|  |TAMS 0x000000008d200000| PB 0x000000008d200000| Untracked 
| 211|0x000000008d300000, 0x000000008d300000, 0x000000008d400000|  0%| F|  |TAMS 0x000000008d300000| PB 0x000000008d300000| Untracked 
| 212|0x000000008d400000, 0x000000008d400000, 0x000000008d500000|  0%| F|  |TAMS 0x000000008d400000| PB 0x000000008d400000| Untracked 
| 213|0x000000008d500000, 0x000000008d500000, 0x000000008d600000|  0%| F|  |TAMS 0x000000008d500000| PB 0x000000008d500000| Untracked 
| 214|0x000000008d600000, 0x000000008d600000, 0x000000008d700000|  0%| F|  |TAMS 0x000000008d600000| PB 0x000000008d600000| Untracked 
| 215|0x000000008d700000, 0x000000008d700000, 0x000000008d800000|  0%| F|  |TAMS 0x000000008d700000| PB 0x000000008d700000| Untracked 
| 216|0x000000008d800000, 0x000000008d800000, 0x000000008d900000|  0%| F|  |TAMS 0x000000008d800000| PB 0x000000008d800000| Untracked 
| 217|0x000000008d900000, 0x000000008d900000, 0x000000008da00000|  0%| F|  |TAMS 0x000000008d900000| PB 0x000000008d900000| Untracked 
| 218|0x000000008da00000, 0x000000008da00000, 0x000000008db00000|  0%| F|  |TAMS 0x000000008da00000| PB 0x000000008da00000| Untracked 
| 219|0x000000008db00000, 0x000000008db00000, 0x000000008dc00000|  0%| F|  |TAMS 0x000000008db00000| PB 0x000000008db00000| Untracked 
| 220|0x000000008dc00000, 0x000000008dc00000, 0x000000008dd00000|  0%| F|  |TAMS 0x000000008dc00000| PB 0x000000008dc00000| Untracked 
| 221|0x000000008dd00000, 0x000000008dd00000, 0x000000008de00000|  0%| F|  |TAMS 0x000000008dd00000| PB 0x000000008dd00000| Untracked 
| 222|0x000000008de00000, 0x000000008de00000, 0x000000008df00000|  0%| F|  |TAMS 0x000000008de00000| PB 0x000000008de00000| Untracked 
| 223|0x000000008df00000, 0x000000008df00000, 0x000000008e000000|  0%| F|  |TAMS 0x000000008df00000| PB 0x000000008df00000| Untracked 
| 224|0x000000008e000000, 0x000000008e000000, 0x000000008e100000|  0%| F|  |TAMS 0x000000008e000000| PB 0x000000008e000000| Untracked 
| 225|0x000000008e100000, 0x000000008e100000, 0x000000008e200000|  0%| F|  |TAMS 0x000000008e100000| PB 0x000000008e100000| Untracked 
| 226|0x000000008e200000, 0x000000008e200000, 0x000000008e300000|  0%| F|  |TAMS 0x000000008e200000| PB 0x000000008e200000| Untracked 
| 227|0x000000008e300000, 0x000000008e300000, 0x000000008e400000|  0%| F|  |TAMS 0x000000008e300000| PB 0x000000008e300000| Untracked 
| 228|0x000000008e400000, 0x000000008e400000, 0x000000008e500000|  0%| F|  |TAMS 0x000000008e400000| PB 0x000000008e400000| Untracked 
| 229|0x000000008e500000, 0x000000008e500000, 0x000000008e600000|  0%| F|  |TAMS 0x000000008e500000| PB 0x000000008e500000| Untracked 
| 230|0x000000008e600000, 0x000000008e600000, 0x000000008e700000|  0%| F|  |TAMS 0x000000008e600000| PB 0x000000008e600000| Untracked 
| 231|0x000000008e700000, 0x000000008e700000, 0x000000008e800000|  0%| F|  |TAMS 0x000000008e700000| PB 0x000000008e700000| Untracked 
| 232|0x000000008e800000, 0x000000008e800000, 0x000000008e900000|  0%| F|  |TAMS 0x000000008e800000| PB 0x000000008e800000| Untracked 
| 233|0x000000008e900000, 0x000000008e900000, 0x000000008ea00000|  0%| F|  |TAMS 0x000000008e900000| PB 0x000000008e900000| Untracked 
| 234|0x000000008ea00000, 0x000000008ea00000, 0x000000008eb00000|  0%| F|  |TAMS 0x000000008ea00000| PB 0x000000008ea00000| Untracked 
| 235|0x000000008eb00000, 0x000000008eb00000, 0x000000008ec00000|  0%| F|  |TAMS 0x000000008eb00000| PB 0x000000008eb00000| Untracked 
| 236|0x000000008ec00000, 0x000000008ec00000, 0x000000008ed00000|  0%| F|  |TAMS 0x000000008ec00000| PB 0x000000008ec00000| Untracked 
| 237|0x000000008ed00000, 0x000000008ed00000, 0x000000008ee00000|  0%| F|  |TAMS 0x000000008ed00000| PB 0x000000008ed00000| Untracked 
| 238|0x000000008ee00000, 0x000000008ee00000, 0x000000008ef00000|  0%| F|  |TAMS 0x000000008ee00000| PB 0x000000008ee00000| Untracked 
| 239|0x000000008ef00000, 0x000000008ef00000, 0x000000008f000000|  0%| F|  |TAMS 0x000000008ef00000| PB 0x000000008ef00000| Untracked 
| 240|0x000000008f000000, 0x000000008f000000, 0x000000008f100000|  0%| F|  |TAMS 0x000000008f000000| PB 0x000000008f000000| Untracked 
| 241|0x000000008f100000, 0x000000008f100000, 0x000000008f200000|  0%| F|  |TAMS 0x000000008f100000| PB 0x000000008f100000| Untracked 
| 242|0x000000008f200000, 0x000000008f200000, 0x000000008f300000|  0%| F|  |TAMS 0x000000008f200000| PB 0x000000008f200000| Untracked 
| 243|0x000000008f300000, 0x000000008f300000, 0x000000008f400000|  0%| F|  |TAMS 0x000000008f300000| PB 0x000000008f300000| Untracked 
| 244|0x000000008f400000, 0x000000008f400000, 0x000000008f500000|  0%| F|  |TAMS 0x000000008f400000| PB 0x000000008f400000| Untracked 
| 245|0x000000008f500000, 0x000000008f500000, 0x000000008f600000|  0%| F|  |TAMS 0x000000008f500000| PB 0x000000008f500000| Untracked 
| 246|0x000000008f600000, 0x000000008f600000, 0x000000008f700000|  0%| F|  |TAMS 0x000000008f600000| PB 0x000000008f600000| Untracked 
| 247|0x000000008f700000, 0x000000008f700000, 0x000000008f800000|  0%| F|  |TAMS 0x000000008f700000| PB 0x000000008f700000| Untracked 
| 248|0x000000008f800000, 0x000000008f800000, 0x000000008f900000|  0%| F|  |TAMS 0x000000008f800000| PB 0x000000008f800000| Untracked 
| 249|0x000000008f900000, 0x000000008f900000, 0x000000008fa00000|  0%| F|  |TAMS 0x000000008f900000| PB 0x000000008f900000| Untracked 
| 250|0x000000008fa00000, 0x000000008fa00000, 0x000000008fb00000|  0%| F|  |TAMS 0x000000008fa00000| PB 0x000000008fa00000| Untracked 
| 251|0x000000008fb00000, 0x000000008fb00000, 0x000000008fc00000|  0%| F|  |TAMS 0x000000008fb00000| PB 0x000000008fb00000| Untracked 
| 252|0x000000008fc00000, 0x000000008fc00000, 0x000000008fd00000|  0%| F|  |TAMS 0x000000008fc00000| PB 0x000000008fc00000| Untracked 
| 253|0x000000008fd00000, 0x000000008fd00000, 0x000000008fe00000|  0%| F|  |TAMS 0x000000008fd00000| PB 0x000000008fd00000| Untracked 
| 254|0x000000008fe00000, 0x000000008fe00000, 0x000000008ff00000|  0%| F|  |TAMS 0x000000008fe00000| PB 0x000000008fe00000| Untracked 
| 255|0x000000008ff00000, 0x000000008ff00000, 0x0000000090000000|  0%| F|  |TAMS 0x000000008ff00000| PB 0x000000008ff00000| Untracked 
| 256|0x0000000090000000, 0x0000000090000000, 0x0000000090100000|  0%| F|  |TAMS 0x0000000090000000| PB 0x0000000090000000| Untracked 
| 257|0x0000000090100000, 0x0000000090100000, 0x0000000090200000|  0%| F|  |TAMS 0x0000000090100000| PB 0x0000000090100000| Untracked 
| 258|0x0000000090200000, 0x0000000090200000, 0x0000000090300000|  0%| F|  |TAMS 0x0000000090200000| PB 0x0000000090200000| Untracked 
| 259|0x0000000090300000, 0x0000000090300000, 0x0000000090400000|  0%| F|  |TAMS 0x0000000090300000| PB 0x0000000090300000| Untracked 
| 260|0x0000000090400000, 0x0000000090400000, 0x0000000090500000|  0%| F|  |TAMS 0x0000000090400000| PB 0x0000000090400000| Untracked 
| 261|0x0000000090500000, 0x0000000090500000, 0x0000000090600000|  0%| F|  |TAMS 0x0000000090500000| PB 0x0000000090500000| Untracked 
| 262|0x0000000090600000, 0x0000000090600000, 0x0000000090700000|  0%| F|  |TAMS 0x0000000090600000| PB 0x0000000090600000| Untracked 
| 263|0x0000000090700000, 0x0000000090700000, 0x0000000090800000|  0%| F|  |TAMS 0x0000000090700000| PB 0x0000000090700000| Untracked 
| 264|0x0000000090800000, 0x0000000090800000, 0x0000000090900000|  0%| F|  |TAMS 0x0000000090800000| PB 0x0000000090800000| Untracked 
| 265|0x0000000090900000, 0x0000000090900000, 0x0000000090a00000|  0%| F|  |TAMS 0x0000000090900000| PB 0x0000000090900000| Untracked 
| 266|0x0000000090a00000, 0x0000000090a00000, 0x0000000090b00000|  0%| F|  |TAMS 0x0000000090a00000| PB 0x0000000090a00000| Untracked 
| 267|0x0000000090b00000, 0x0000000090b00000, 0x0000000090c00000|  0%| F|  |TAMS 0x0000000090b00000| PB 0x0000000090b00000| Untracked 
| 268|0x0000000090c00000, 0x0000000090c00000, 0x0000000090d00000|  0%| F|  |TAMS 0x0000000090c00000| PB 0x0000000090c00000| Untracked 
| 269|0x0000000090d00000, 0x0000000090d00000, 0x0000000090e00000|  0%| F|  |TAMS 0x0000000090d00000| PB 0x0000000090d00000| Untracked 
| 270|0x0000000090e00000, 0x0000000090e00000, 0x0000000090f00000|  0%| F|  |TAMS 0x0000000090e00000| PB 0x0000000090e00000| Untracked 
| 271|0x0000000090f00000, 0x0000000090f00000, 0x0000000091000000|  0%| F|  |TAMS 0x0000000090f00000| PB 0x0000000090f00000| Untracked 
| 272|0x0000000091000000, 0x0000000091000000, 0x0000000091100000|  0%| F|  |TAMS 0x0000000091000000| PB 0x0000000091000000| Untracked 
| 273|0x0000000091100000, 0x0000000091100000, 0x0000000091200000|  0%| F|  |TAMS 0x0000000091100000| PB 0x0000000091100000| Untracked 
| 274|0x0000000091200000, 0x0000000091200000, 0x0000000091300000|  0%| F|  |TAMS 0x0000000091200000| PB 0x0000000091200000| Untracked 
| 275|0x0000000091300000, 0x0000000091300000, 0x0000000091400000|  0%| F|  |TAMS 0x0000000091300000| PB 0x0000000091300000| Untracked 
| 276|0x0000000091400000, 0x0000000091400000, 0x0000000091500000|  0%| F|  |TAMS 0x0000000091400000| PB 0x0000000091400000| Untracked 
| 277|0x0000000091500000, 0x0000000091500000, 0x0000000091600000|  0%| F|  |TAMS 0x0000000091500000| PB 0x0000000091500000| Untracked 
| 278|0x0000000091600000, 0x0000000091600000, 0x0000000091700000|  0%| F|  |TAMS 0x0000000091600000| PB 0x0000000091600000| Untracked 
| 279|0x0000000091700000, 0x0000000091700000, 0x0000000091800000|  0%| F|  |TAMS 0x0000000091700000| PB 0x0000000091700000| Untracked 
| 280|0x0000000091800000, 0x0000000091800000, 0x0000000091900000|  0%| F|  |TAMS 0x0000000091800000| PB 0x0000000091800000| Untracked 
| 281|0x0000000091900000, 0x0000000091900000, 0x0000000091a00000|  0%| F|  |TAMS 0x0000000091900000| PB 0x0000000091900000| Untracked 
| 282|0x0000000091a00000, 0x0000000091a00000, 0x0000000091b00000|  0%| F|  |TAMS 0x0000000091a00000| PB 0x0000000091a00000| Untracked 
| 283|0x0000000091b00000, 0x0000000091b00000, 0x0000000091c00000|  0%| F|  |TAMS 0x0000000091b00000| PB 0x0000000091b00000| Untracked 
| 284|0x0000000091c00000, 0x0000000091c00000, 0x0000000091d00000|  0%| F|  |TAMS 0x0000000091c00000| PB 0x0000000091c00000| Untracked 
| 285|0x0000000091d00000, 0x0000000091d00000, 0x0000000091e00000|  0%| F|  |TAMS 0x0000000091d00000| PB 0x0000000091d00000| Untracked 
| 286|0x0000000091e00000, 0x0000000091e00000, 0x0000000091f00000|  0%| F|  |TAMS 0x0000000091e00000| PB 0x0000000091e00000| Untracked 
| 287|0x0000000091f00000, 0x0000000091f00000, 0x0000000092000000|  0%| F|  |TAMS 0x0000000091f00000| PB 0x0000000091f00000| Untracked 
| 288|0x0000000092000000, 0x0000000092000000, 0x0000000092100000|  0%| F|  |TAMS 0x0000000092000000| PB 0x0000000092000000| Untracked 
| 289|0x0000000092100000, 0x0000000092100000, 0x0000000092200000|  0%| F|  |TAMS 0x0000000092100000| PB 0x0000000092100000| Untracked 
| 290|0x0000000092200000, 0x0000000092200000, 0x0000000092300000|  0%| F|  |TAMS 0x0000000092200000| PB 0x0000000092200000| Untracked 
| 291|0x0000000092300000, 0x0000000092300000, 0x0000000092400000|  0%| F|  |TAMS 0x0000000092300000| PB 0x0000000092300000| Untracked 
| 292|0x0000000092400000, 0x0000000092400000, 0x0000000092500000|  0%| F|  |TAMS 0x0000000092400000| PB 0x0000000092400000| Untracked 
| 293|0x0000000092500000, 0x0000000092500000, 0x0000000092600000|  0%| F|  |TAMS 0x0000000092500000| PB 0x0000000092500000| Untracked 
| 294|0x0000000092600000, 0x0000000092600000, 0x0000000092700000|  0%| F|  |TAMS 0x0000000092600000| PB 0x0000000092600000| Untracked 
| 295|0x0000000092700000, 0x0000000092700000, 0x0000000092800000|  0%| F|  |TAMS 0x0000000092700000| PB 0x0000000092700000| Untracked 
| 296|0x0000000092800000, 0x0000000092800000, 0x0000000092900000|  0%| F|  |TAMS 0x0000000092800000| PB 0x0000000092800000| Untracked 
| 297|0x0000000092900000, 0x0000000092900000, 0x0000000092a00000|  0%| F|  |TAMS 0x0000000092900000| PB 0x0000000092900000| Untracked 
| 298|0x0000000092a00000, 0x0000000092a00000, 0x0000000092b00000|  0%| F|  |TAMS 0x0000000092a00000| PB 0x0000000092a00000| Untracked 
| 299|0x0000000092b00000, 0x0000000092b00000, 0x0000000092c00000|  0%| F|  |TAMS 0x0000000092b00000| PB 0x0000000092b00000| Untracked 
| 300|0x0000000092c00000, 0x0000000092c00000, 0x0000000092d00000|  0%| F|  |TAMS 0x0000000092c00000| PB 0x0000000092c00000| Untracked 
| 301|0x0000000092d00000, 0x0000000092d00000, 0x0000000092e00000|  0%| F|  |TAMS 0x0000000092d00000| PB 0x0000000092d00000| Untracked 
| 302|0x0000000092e00000, 0x0000000092e00000, 0x0000000092f00000|  0%| F|  |TAMS 0x0000000092e00000| PB 0x0000000092e00000| Untracked 
| 303|0x0000000092f00000, 0x0000000092f00000, 0x0000000093000000|  0%| F|  |TAMS 0x0000000092f00000| PB 0x0000000092f00000| Untracked 
| 304|0x0000000093000000, 0x0000000093000000, 0x0000000093100000|  0%| F|  |TAMS 0x0000000093000000| PB 0x0000000093000000| Untracked 
| 305|0x0000000093100000, 0x0000000093100000, 0x0000000093200000|  0%| F|  |TAMS 0x0000000093100000| PB 0x0000000093100000| Untracked 
| 306|0x0000000093200000, 0x0000000093200000, 0x0000000093300000|  0%| F|  |TAMS 0x0000000093200000| PB 0x0000000093200000| Untracked 
| 307|0x0000000093300000, 0x0000000093300000, 0x0000000093400000|  0%| F|  |TAMS 0x0000000093300000| PB 0x0000000093300000| Untracked 
| 308|0x0000000093400000, 0x0000000093400000, 0x0000000093500000|  0%| F|  |TAMS 0x0000000093400000| PB 0x0000000093400000| Untracked 
| 309|0x0000000093500000, 0x0000000093500000, 0x0000000093600000|  0%| F|  |TAMS 0x0000000093500000| PB 0x0000000093500000| Untracked 
| 310|0x0000000093600000, 0x0000000093600000, 0x0000000093700000|  0%| F|  |TAMS 0x0000000093600000| PB 0x0000000093600000| Untracked 
| 311|0x0000000093700000, 0x0000000093700000, 0x0000000093800000|  0%| F|  |TAMS 0x0000000093700000| PB 0x0000000093700000| Untracked 
| 312|0x0000000093800000, 0x0000000093800000, 0x0000000093900000|  0%| F|  |TAMS 0x0000000093800000| PB 0x0000000093800000| Untracked 
| 313|0x0000000093900000, 0x0000000093900000, 0x0000000093a00000|  0%| F|  |TAMS 0x0000000093900000| PB 0x0000000093900000| Untracked 
| 314|0x0000000093a00000, 0x0000000093a00000, 0x0000000093b00000|  0%| F|  |TAMS 0x0000000093a00000| PB 0x0000000093a00000| Untracked 
| 315|0x0000000093b00000, 0x0000000093b00000, 0x0000000093c00000|  0%| F|  |TAMS 0x0000000093b00000| PB 0x0000000093b00000| Untracked 
|2023|0x00000000fe700000, 0x00000000fe800000, 0x00000000fe800000|100%| O|  |TAMS 0x00000000fe700000| PB 0x00000000fe700000| Untracked 
|2024|0x00000000fe800000, 0x00000000fe800000, 0x00000000fe900000|  0%| F|  |TAMS 0x00000000fe800000| PB 0x00000000fe800000| Untracked 
|2025|0x00000000fe900000, 0x00000000fea00000, 0x00000000fea00000|100%| O|  |TAMS 0x00000000fe900000| PB 0x00000000fe900000| Untracked 
|2026|0x00000000fea00000, 0x00000000fea00000, 0x00000000feb00000|  0%| F|  |TAMS 0x00000000fea00000| PB 0x00000000fea00000| Untracked 
|2027|0x00000000feb00000, 0x00000000feb00000, 0x00000000fec00000|  0%| F|  |TAMS 0x00000000feb00000| PB 0x00000000feb00000| Untracked 
|2028|0x00000000fec00000, 0x00000000fec00000, 0x00000000fed00000|  0%| F|  |TAMS 0x00000000fec00000| PB 0x00000000fec00000| Untracked 
|2029|0x00000000fed00000, 0x00000000fed00000, 0x00000000fee00000|  0%| F|  |TAMS 0x00000000fed00000| PB 0x00000000fed00000| Untracked 
|2030|0x00000000fee00000, 0x00000000fee00000, 0x00000000fef00000|  0%| F|  |TAMS 0x00000000fee00000| PB 0x00000000fee00000| Untracked 
|2031|0x00000000fef00000, 0x00000000fef00000, 0x00000000ff000000|  0%| F|  |TAMS 0x00000000fef00000| PB 0x00000000fef00000| Untracked 
|2032|0x00000000ff000000, 0x00000000ff000000, 0x00000000ff100000|  0%| F|  |TAMS 0x00000000ff000000| PB 0x00000000ff000000| Untracked 
|2033|0x00000000ff100000, 0x00000000ff100000, 0x00000000ff200000|  0%| F|  |TAMS 0x00000000ff100000| PB 0x00000000ff100000| Untracked 
|2034|0x00000000ff200000, 0x00000000ff200000, 0x00000000ff300000|  0%| F|  |TAMS 0x00000000ff200000| PB 0x00000000ff200000| Untracked 
|2035|0x00000000ff300000, 0x00000000ff300000, 0x00000000ff400000|  0%| F|  |TAMS 0x00000000ff300000| PB 0x00000000ff300000| Untracked 
|2036|0x00000000ff400000, 0x00000000ff400000, 0x00000000ff500000|  0%| F|  |TAMS 0x00000000ff400000| PB 0x00000000ff400000| Untracked 
|2037|0x00000000ff500000, 0x00000000ff500000, 0x00000000ff600000|  0%| F|  |TAMS 0x00000000ff500000| PB 0x00000000ff500000| Untracked 
|2038|0x00000000ff600000, 0x00000000ff600000, 0x00000000ff700000|  0%| F|  |TAMS 0x00000000ff600000| PB 0x00000000ff600000| Untracked 
|2039|0x00000000ff700000, 0x00000000ff700000, 0x00000000ff800000|  0%| F|  |TAMS 0x00000000ff700000| PB 0x00000000ff700000| Untracked 
|2040|0x00000000ff800000, 0x00000000ff800000, 0x00000000ff900000|  0%| F|  |TAMS 0x00000000ff800000| PB 0x00000000ff800000| Untracked 
|2041|0x00000000ff900000, 0x00000000ff900000, 0x00000000ffa00000|  0%| F|  |TAMS 0x00000000ff900000| PB 0x00000000ff900000| Untracked 
|2042|0x00000000ffa00000, 0x00000000ffa00000, 0x00000000ffb00000|  0%| F|  |TAMS 0x00000000ffa00000| PB 0x00000000ffa00000| Untracked 
|2043|0x00000000ffb00000, 0x00000000ffb00000, 0x00000000ffc00000|  0%| F|  |TAMS 0x00000000ffb00000| PB 0x00000000ffb00000| Untracked 
|2044|0x00000000ffc00000, 0x00000000ffc00000, 0x00000000ffd00000|  0%| F|  |TAMS 0x00000000ffc00000| PB 0x00000000ffc00000| Untracked 
|2045|0x00000000ffd00000, 0x00000000ffd00000, 0x00000000ffe00000|  0%| F|  |TAMS 0x00000000ffd00000| PB 0x00000000ffd00000| Untracked 
|2046|0x00000000ffe00000, 0x00000000ffe00000, 0x00000000fff00000|  0%| F|  |TAMS 0x00000000ffe00000| PB 0x00000000ffe00000| Untracked 
|2047|0x00000000fff00000, 0x00000000fff00000, 0x0000000100000000|  0%| F|  |TAMS 0x00000000fff00000| PB 0x00000000fff00000| Untracked 

Card table byte_map: [0x0000012173160000,0x0000012173560000] _byte_map_base: 0x0000012172d60000

Marking Bits: (CMBitMap*) 0x000001215e73e610
 Bits: [0x0000012173560000, 0x0000012175560000)

Polling page: 0x000001215e950000

Metaspace:

Usage:
  Non-class:    118.26 MB used.
      Class:     18.46 MB used.
       Both:    136.72 MB used.

Virtual space:
  Non-class space:      128.00 MB reserved,     119.31 MB ( 93%) committed,  2 nodes.
      Class space:        1.00 GB reserved,      19.50 MB (  2%) committed,  1 nodes.
             Both:        1.12 GB reserved,     138.81 MB ( 12%) committed. 

Chunk freelists:
   Non-Class:  8.38 MB
       Class:  12.38 MB
        Both:  20.75 MB

MaxMetaspaceSize: unlimited
CompressedClassSpaceSize: 1.00 GB
Initial GC threshold: 21.00 MB
Current GC threshold: 230.31 MB
CDS: off
 - commit_granule_bytes: 65536.
 - commit_granule_words: 8192.
 - virtual_space_node_default_size: 8388608.
 - enlarge_chunks_in_place: 1.
 - use_allocation_guard: 0.


Internal statistics:

num_allocs_failed_limit: 6.
num_arena_births: 4276.
num_arena_deaths: 22.
num_vsnodes_births: 3.
num_vsnodes_deaths: 0.
num_space_committed: 2220.
num_space_uncommitted: 0.
num_chunks_returned_to_freelist: 35.
num_chunks_taken_from_freelist: 9969.
num_chunk_merges: 12.
num_chunk_splits: 6600.
num_chunks_enlarged: 4362.
num_inconsistent_stats: 0.

CodeHeap 'non-profiled nmethods': size=120000Kb used=11337Kb max_used=11337Kb free=108662Kb
 bounds [0x000001216add0000, 0x000001216b8f0000, 0x0000012172300000]
CodeHeap 'profiled nmethods': size=120000Kb used=32884Kb max_used=32884Kb free=87115Kb
 bounds [0x0000012163300000, 0x0000012165320000, 0x000001216a830000]
CodeHeap 'non-nmethods': size=5760Kb used=2488Kb max_used=2554Kb free=3271Kb
 bounds [0x000001216a830000, 0x000001216aac0000, 0x000001216add0000]
 total_blobs=17369 nmethods=16432 adapters=839
 compilation: enabled
              stopped_count=0, restarted_count=0
 full_count=0

Compilation events (20 events):
Event: 57.657 Thread 0x00000121781f7400 20251       2       com.android.tools.r8.internal.rj::equals (56 bytes)
Event: 57.658 Thread 0x00000121781f7400 nmethod 20251 0x0000012165305d10 code [0x0000012165305ec0, 0x00000121653060e8]
Event: 57.677 Thread 0x00000121781f7400 20253       3       com.android.tools.r8.internal.IR::b (1965 bytes)
Event: 57.700 Thread 0x00000121781f7400 nmethod 20253 0x0000012165306210 code [0x0000012165307760, 0x0000012165316940]
Event: 57.700 Thread 0x00000121781f7400 20255       1       com.android.tools.r8.internal.L3::r2 (3 bytes)
Event: 57.700 Thread 0x00000121781f7400 nmethod 20255 0x000001216b014a90 code [0x000001216b014c20, 0x000001216b014ce8]
Event: 57.700 Thread 0x00000121781f7400 20256       2       com.android.tools.r8.internal.fe0::a (22 bytes)
Event: 57.701 Thread 0x00000121781f7400 nmethod 20256 0x000001216531b710 code [0x000001216531b8c0, 0x000001216531bb38]
Event: 57.701 Thread 0x00000121781f7400 20257       2       com.android.tools.r8.internal.oJ::w2 (4 bytes)
Event: 57.701 Thread 0x00000121781f7400 nmethod 20257 0x000001216531bc10 code [0x000001216531bda0, 0x000001216531beb0]
Event: 57.701 Thread 0x00000121781f7400 20258       2       com.android.tools.r8.internal.oJ::c0 (2 bytes)
Event: 57.701 Thread 0x00000121781f7400 nmethod 20258 0x000001216531bf90 code [0x000001216531c120, 0x000001216531c228]
Event: 57.702 Thread 0x00000121781f7400 20259       2       com.android.tools.r8.internal.Z8::x (2 bytes)
Event: 57.702 Thread 0x00000121781f7400 nmethod 20259 0x000001216531c290 code [0x000001216531c420, 0x000001216531c528]
Event: 57.702 Thread 0x00000121781f7400 20260       2       com.android.tools.r8.internal.Z8::a (22 bytes)
Event: 57.702 Thread 0x00000121781f7400 nmethod 20260 0x000001216531c590 code [0x000001216531c740, 0x000001216531c8e8]
Event: 57.702 Thread 0x00000121781f7400 20261       2       com.android.tools.r8.internal.fH::<init> (25 bytes)
Event: 57.703 Thread 0x00000121781f7400 nmethod 20261 0x000001216531ca90 code [0x000001216531cc40, 0x000001216531ce98]
Event: 57.703 Thread 0x00000121781f7400 20262       2       com.android.tools.r8.internal.H5::isInitialized (5 bytes)
Event: 57.703 Thread 0x00000121781f7400 nmethod 20262 0x000001216531cf90 code [0x000001216531d120, 0x000001216531d260]

GC Heap History (20 events):
Event: 48.540 GC heap after
{Heap after GC invocations=62 (full 0):
 garbage-first heap   total 224256K, used 115466K [0x0000000080000000, 0x0000000100000000)
  region size 1024K, 5 young (5120K), 5 survivors (5120K)
 Metaspace       used 120675K, committed 122880K, reserved 1179648K
  class space    used 16059K, committed 17152K, reserved 1048576K
}
Event: 49.492 GC heap before
{Heap before GC invocations=62 (full 0):
 garbage-first heap   total 224256K, used 204554K [0x0000000080000000, 0x0000000100000000)
  region size 1024K, 93 young (95232K), 5 survivors (5120K)
 Metaspace       used 121280K, committed 123456K, reserved 1179648K
  class space    used 16145K, committed 17216K, reserved 1048576K
}
Event: 49.501 GC heap after
{Heap after GC invocations=63 (full 0):
 garbage-first heap   total 224256K, used 112754K [0x0000000080000000, 0x0000000100000000)
  region size 1024K, 7 young (7168K), 7 survivors (7168K)
 Metaspace       used 121280K, committed 123456K, reserved 1179648K
  class space    used 16145K, committed 17216K, reserved 1048576K
}
Event: 50.993 GC heap before
{Heap before GC invocations=63 (full 0):
 garbage-first heap   total 224256K, used 202866K [0x0000000080000000, 0x0000000100000000)
  region size 1024K, 96 young (98304K), 7 survivors (7168K)
 Metaspace       used 126237K, committed 128320K, reserved 1179648K
  class space    used 16864K, committed 17920K, reserved 1048576K
}
Event: 51.012 GC heap after
{Heap after GC invocations=64 (full 0):
 garbage-first heap   total 224256K, used 125733K [0x0000000080000000, 0x0000000100000000)
  region size 1024K, 12 young (12288K), 12 survivors (12288K)
 Metaspace       used 126237K, committed 128320K, reserved 1179648K
  class space    used 16864K, committed 17920K, reserved 1048576K
}
Event: 52.017 GC heap before
{Heap before GC invocations=65 (full 0):
 garbage-first heap   total 224256K, used 198437K [0x0000000080000000, 0x0000000100000000)
  region size 1024K, 84 young (86016K), 12 survivors (12288K)
 Metaspace       used 129457K, committed 131584K, reserved 1179648K
  class space    used 17364K, committed 18432K, reserved 1048576K
}
Event: 52.044 GC heap after
{Heap after GC invocations=66 (full 0):
 garbage-first heap   total 225280K, used 138561K [0x0000000080000000, 0x0000000100000000)
  region size 1024K, 11 young (11264K), 11 survivors (11264K)
 Metaspace       used 129457K, committed 131584K, reserved 1179648K
  class space    used 17364K, committed 18432K, reserved 1048576K
}
Event: 52.717 GC heap before
{Heap before GC invocations=66 (full 0):
 garbage-first heap   total 225280K, used 202049K [0x0000000080000000, 0x0000000100000000)
  region size 1024K, 73 young (74752K), 11 survivors (11264K)
 Metaspace       used 131233K, committed 133376K, reserved 1179648K
  class space    used 17677K, committed 18752K, reserved 1048576K
}
Event: 52.748 GC heap after
{Heap after GC invocations=67 (full 0):
 garbage-first heap   total 227328K, used 147966K [0x0000000080000000, 0x0000000100000000)
  region size 1024K, 10 young (10240K), 10 survivors (10240K)
 Metaspace       used 131233K, committed 133376K, reserved 1179648K
  class space    used 17677K, committed 18752K, reserved 1048576K
}
Event: 53.187 GC heap before
{Heap before GC invocations=67 (full 0):
 garbage-first heap   total 227328K, used 203262K [0x0000000080000000, 0x0000000100000000)
  region size 1024K, 65 young (66560K), 10 survivors (10240K)
 Metaspace       used 132291K, committed 134464K, reserved 1179648K
  class space    used 17857K, committed 18944K, reserved 1048576K
}
Event: 53.212 GC heap after
{Heap after GC invocations=68 (full 0):
 garbage-first heap   total 227328K, used 158719K [0x0000000080000000, 0x0000000100000000)
  region size 1024K, 9 young (9216K), 9 survivors (9216K)
 Metaspace       used 132291K, committed 134464K, reserved 1179648K
  class space    used 17857K, committed 18944K, reserved 1048576K
}
Event: 53.757 GC heap before
{Heap before GC invocations=69 (full 0):
 garbage-first heap   total 265216K, used 202751K [0x0000000080000000, 0x0000000100000000)
  region size 1024K, 53 young (54272K), 9 survivors (9216K)
 Metaspace       used 133085K, committed 135296K, reserved 1179648K
  class space    used 17992K, committed 19072K, reserved 1048576K
}
Event: 53.779 GC heap after
{Heap after GC invocations=70 (full 0):
 garbage-first heap   total 265216K, used 167935K [0x0000000080000000, 0x0000000100000000)
  region size 1024K, 7 young (7168K), 7 survivors (7168K)
 Metaspace       used 133085K, committed 135296K, reserved 1179648K
  class space    used 17992K, committed 19072K, reserved 1048576K
}
Event: 55.262 GC heap before
{Heap before GC invocations=70 (full 0):
 garbage-first heap   total 265216K, used 237567K [0x0000000080000000, 0x0000000100000000)
  region size 1024K, 76 young (77824K), 7 survivors (7168K)
 Metaspace       used 138536K, committed 140672K, reserved 1179648K
  class space    used 18772K, committed 19840K, reserved 1048576K
}
Event: 55.278 GC heap after
{Heap after GC invocations=71 (full 0):
 garbage-first heap   total 265216K, used 169133K [0x0000000080000000, 0x0000000100000000)
  region size 1024K, 3 young (3072K), 3 survivors (3072K)
 Metaspace       used 138536K, committed 140672K, reserved 1179648K
  class space    used 18772K, committed 19840K, reserved 1048576K
}
Event: 56.123 GC heap before
{Heap before GC invocations=71 (full 0):
 garbage-first heap   total 265216K, used 239789K [0x0000000080000000, 0x0000000100000000)
  region size 1024K, 73 young (74752K), 3 survivors (3072K)
 Metaspace       used 139205K, committed 141440K, reserved 1179648K
  class space    used 18827K, committed 19904K, reserved 1048576K
}
Event: 56.134 GC heap after
{Heap after GC invocations=72 (full 0):
 garbage-first heap   total 265216K, used 175058K [0x0000000080000000, 0x0000000100000000)
  region size 1024K, 9 young (9216K), 9 survivors (9216K)
 Metaspace       used 139205K, committed 141440K, reserved 1179648K
  class space    used 18827K, committed 19904K, reserved 1048576K
}
Event: 57.006 GC heap before
{Heap before GC invocations=73 (full 0):
 garbage-first heap   total 293888K, used 238546K [0x0000000080000000, 0x0000000100000000)
  region size 1024K, 72 young (73728K), 9 survivors (9216K)
 Metaspace       used 139527K, committed 141696K, reserved 1179648K
  class space    used 18835K, committed 19904K, reserved 1048576K
}
Event: 57.022 GC heap after
{Heap after GC invocations=74 (full 0):
 garbage-first heap   total 293888K, used 180561K [0x0000000080000000, 0x0000000100000000)
  region size 1024K, 7 young (7168K), 7 survivors (7168K)
 Metaspace       used 139527K, committed 141696K, reserved 1179648K
  class space    used 18835K, committed 19904K, reserved 1048576K
}
Event: 57.712 GC heap before
{Heap before GC invocations=74 (full 0):
 garbage-first heap   total 293888K, used 266577K [0x0000000080000000, 0x0000000100000000)
  region size 1024K, 92 young (94208K), 7 survivors (7168K)
 Metaspace       used 139997K, committed 142144K, reserved 1179648K
  class space    used 18903K, committed 19968K, reserved 1048576K
}

Dll operation events (3 events):
Event: 0.025 Loaded shared library C:\Program Files\Android\Android Studio\jbr\bin\java.dll
Event: 0.035 Loaded shared library C:\Program Files\Android\Android Studio\jbr\bin\zip.dll
Event: 1.004 Loaded shared library C:\Program Files\Android\Android Studio\jbr\bin\verify.dll

Deoptimization events (20 events):
Event: 57.430 Thread 0x00000121032c18a0 Uncommon trap: trap_request=0xffffffde fr.pc=0x000001216b5c2b90 relative=0x00000000000000d0
Event: 57.430 Thread 0x00000121032c18a0 Uncommon trap: reason=class_check action=maybe_recompile pc=0x000001216b5c2b90 method=com.android.tools.r8.graph.E0.r1()Z @ 4 c2
Event: 57.430 Thread 0x00000121032c18a0 DEOPT PACKING pc=0x000001216b5c2b90 sp=0x0000001eae9fa510
Event: 57.430 Thread 0x00000121032c18a0 DEOPT UNPACKING pc=0x000001216a887da2 sp=0x0000001eae9fa3d8 mode 2
Event: 57.441 Thread 0x00000121032c1210 DEOPT PACKING pc=0x00000121646b7d33 sp=0x0000001eae6f9680
Event: 57.441 Thread 0x00000121032c1210 DEOPT UNPACKING pc=0x000001216a8888e2 sp=0x0000001eae6f8c18 mode 0
Event: 57.625 Thread 0x00000121032c0b80 Uncommon trap: trap_request=0xffffff45 fr.pc=0x000001216b4c1d34 relative=0x0000000000000094
Event: 57.625 Thread 0x00000121032c0b80 Uncommon trap: reason=unstable_if action=reinterpret pc=0x000001216b4c1d34 method=com.android.tools.r8.internal.IR.d(I)I @ 70 c2
Event: 57.625 Thread 0x00000121032c0b80 DEOPT PACKING pc=0x000001216b4c1d34 sp=0x0000001eae5f9120
Event: 57.625 Thread 0x00000121032c0b80 DEOPT UNPACKING pc=0x000001216a887da2 sp=0x0000001eae5f90a8 mode 2
Event: 57.636 Thread 0x00000121032c0b80 Uncommon trap: trap_request=0xffffff45 fr.pc=0x000001216b4bee00 relative=0x0000000000000120
Event: 57.636 Thread 0x00000121032c0b80 Uncommon trap: reason=unstable_if action=reinterpret pc=0x000001216b4bee00 method=com.android.tools.r8.internal.IR.d(I)I @ 70 c2
Event: 57.636 Thread 0x00000121032c0b80 DEOPT PACKING pc=0x000001216b4bee00 sp=0x0000001eae5f9270
Event: 57.636 Thread 0x00000121032c0b80 DEOPT UNPACKING pc=0x000001216a887da2 sp=0x0000001eae5f9120 mode 2
Event: 57.636 Thread 0x00000121032c0b80 Uncommon trap: trap_request=0xffffff45 fr.pc=0x000001216b4c1470 relative=0x00000000000000d0
Event: 57.636 Thread 0x00000121032c0b80 Uncommon trap: reason=unstable_if action=reinterpret pc=0x000001216b4c1470 method=com.android.tools.r8.internal.IR.d(I)I @ 70 c2
Event: 57.636 Thread 0x00000121032c0b80 DEOPT PACKING pc=0x000001216b4c1470 sp=0x0000001eae5f91e0
Event: 57.636 Thread 0x00000121032c0b80 DEOPT UNPACKING pc=0x000001216a887da2 sp=0x0000001eae5f9110 mode 2
Event: 57.677 Thread 0x00000121032c1210 DEOPT PACKING pc=0x00000121651e8d44 sp=0x0000001eae6f9720
Event: 57.677 Thread 0x00000121032c1210 DEOPT UNPACKING pc=0x000001216a8888e2 sp=0x0000001eae6f8e20 mode 0

Classes loaded (20 events):
Event: 53.844 Loading class java/util/IdentityHashMap$IdentityHashMapSpliterator done
Event: 53.844 Loading class java/util/IdentityHashMap$EntrySpliterator done
Event: 53.950 Loading class java/util/SortedSet$1
Event: 53.960 Loading class java/util/SortedSet$1 done
Event: 53.990 Loading class java/util/stream/SliceOps
Event: 53.990 Loading class java/util/stream/SliceOps done
Event: 53.990 Loading class java/util/stream/SliceOps$1
Event: 53.990 Loading class java/util/stream/SliceOps$1 done
Event: 53.991 Loading class java/util/stream/SliceOps$1$1
Event: 54.001 Loading class java/util/stream/SliceOps$1$1 done
Event: 54.019 Loading class java/util/PriorityQueue
Event: 54.020 Loading class java/util/PriorityQueue done
Event: 54.053 Loading class java/util/IdentityHashMap$ValueIterator
Event: 54.053 Loading class java/util/IdentityHashMap$ValueIterator done
Event: 55.129 Loading class java/nio/ShortBuffer
Event: 55.130 Loading class java/nio/ShortBuffer done
Event: 55.321 Loading class java/nio/ByteBufferAsShortBufferL
Event: 55.321 Loading class java/nio/ByteBufferAsShortBufferL done
Event: 55.408 Loading class java/util/zip/Adler32
Event: 55.408 Loading class java/util/zip/Adler32 done

Classes unloaded (11 events):
Event: 53.494 Thread 0x0000012178154ff0 Unloading class 0x00000001011cc400 'java/lang/invoke/LambdaForm$DMH+0x00000001011cc400'
Event: 53.494 Thread 0x0000012178154ff0 Unloading class 0x00000001011cc800 'java/lang/invoke/LambdaForm$DMH+0x00000001011cc800'
Event: 53.494 Thread 0x0000012178154ff0 Unloading class 0x000000010116c400 'java/lang/invoke/LambdaForm$DMH+0x000000010116c400'
Event: 56.478 Thread 0x0000012178154ff0 Unloading class 0x000000010116c400 'java/lang/invoke/LambdaForm$DMH+0x000000010116c400'
Event: 56.478 Thread 0x0000012178154ff0 Unloading class 0x00000001011cc800 'java/lang/invoke/LambdaForm$DMH+0x00000001011cc800'
Event: 56.478 Thread 0x0000012178154ff0 Unloading class 0x0000000101260000 'java/lang/invoke/LambdaForm$DMH+0x0000000101260000'
Event: 56.478 Thread 0x0000012178154ff0 Unloading class 0x0000000101238400 'java/lang/invoke/LambdaForm$DMH+0x0000000101238400'
Event: 56.478 Thread 0x0000012178154ff0 Unloading class 0x0000000101238000 'java/lang/invoke/LambdaForm$DMH+0x0000000101238000'
Event: 56.478 Thread 0x0000012178154ff0 Unloading class 0x0000000101235000 'java/lang/invoke/LambdaForm$DMH+0x0000000101235000'
Event: 56.478 Thread 0x0000012178154ff0 Unloading class 0x0000000101234400 'java/lang/invoke/LambdaForm$DMH+0x0000000101234400'
Event: 56.478 Thread 0x0000012178154ff0 Unloading class 0x0000000101234800 'java/lang/invoke/LambdaForm$DMH+0x0000000101234800'

Classes redefined (0 events):
No events

Internal exceptions (20 events):
Event: 53.580 Thread 0x00000121032c18a0 Exception <a 'java/lang/NoSuchMethodError'{0x00000000919f0d10}: 'void java.lang.invoke.DirectMethodHandle$Holder.invokeSpecial(java.lang.Object, java.lang.Object, int, java.lang.Object)'> (0x00000000919f0d10) 
thrown [s\src\hotspot\share\interpreter\linkResolver.cpp, line 784]
Event: 53.580 Thread 0x00000121032c0b80 Exception <a 'java/lang/NoSuchMethodError'{0x0000000091ad6e38}: 'void java.lang.invoke.DirectMethodHandle$Holder.invokeSpecial(java.lang.Object, java.lang.Object, int, java.lang.Object)'> (0x0000000091ad6e38) 
thrown [s\src\hotspot\share\interpreter\linkResolver.cpp, line 784]
Event: 53.581 Thread 0x00000121032bfe60 Exception <a 'java/lang/NoSuchMethodError'{0x000000008dfcc9c0}: 'void java.lang.invoke.DirectMethodHandle$Holder.invokeSpecial(java.lang.Object, java.lang.Object, int, java.lang.Object)'> (0x000000008dfcc9c0) 
thrown [s\src\hotspot\share\interpreter\linkResolver.cpp, line 784]
Event: 54.083 Thread 0x00000121032c1210 Exception <a 'java/lang/NoSuchMethodError'{0x00000000ff7c8e40}: 'void java.lang.invoke.DirectMethodHandle$Holder.invokeVirtual(java.lang.Object, java.lang.Object, int)'> (0x00000000ff7c8e40) 
thrown [s\src\hotspot\share\interpreter\linkResolver.cpp, line 784]
Event: 54.103 Thread 0x00000121032c0b80 Exception <a 'java/lang/NoSuchMethodError'{0x00000000ff5e29b8}: 'int java.lang.invoke.DirectMethodHandle$Holder.invokeSpecial(java.lang.Object, java.lang.Object, java.lang.Object, int, java.lang.Object)'> (0x00000000ff5e29b8) 
thrown [s\src\hotspot\share\interpreter\linkResolver.cpp, line 784]
Event: 54.103 Thread 0x00000121032c18a0 Exception <a 'java/lang/NoSuchMethodError'{0x00000000ff589c30}: 'int java.lang.invoke.DirectMethodHandle$Holder.invokeSpecial(java.lang.Object, java.lang.Object, java.lang.Object, int, java.lang.Object)'> (0x00000000ff589c30) 
thrown [s\src\hotspot\share\interpreter\linkResolver.cpp, line 784]
Event: 54.103 Thread 0x00000121032bfe60 Exception <a 'java/lang/NoSuchMethodError'{0x00000000ff56a908}: 'int java.lang.invoke.DirectMethodHandle$Holder.invokeSpecial(java.lang.Object, java.lang.Object, java.lang.Object, int, java.lang.Object)'> (0x00000000ff56a908) 
thrown [s\src\hotspot\share\interpreter\linkResolver.cpp, line 784]
Event: 54.104 Thread 0x00000121032bdd90 Exception <a 'java/lang/NoSuchMethodError'{0x00000000ff50df30}: 'int java.lang.invoke.DirectMethodHandle$Holder.invokeSpecial(java.lang.Object, java.lang.Object, java.lang.Object, int, java.lang.Object)'> (0x00000000ff50df30) 
thrown [s\src\hotspot\share\interpreter\linkResolver.cpp, line 784]
Event: 54.245 Thread 0x00000121032c0b80 Exception <a 'java/lang/NoSuchMethodError'{0x00000000fedd64b0}: 'int java.lang.invoke.DirectMethodHandle$Holder.invokeSpecial(java.lang.Object, java.lang.Object, java.lang.Object, java.lang.Object, java.lang.Object, java.lang.Object)'> (0x00000000fedd64b0) 
thrown [s\src\hotspot\share\interpreter\linkResolver.cpp, line 784]
Event: 54.315 Thread 0x00000121032c18a0 Exception <a 'java/lang/NoSuchMethodError'{0x0000000093bef9a0}: 'int java.lang.invoke.DirectMethodHandle$Holder.invokeInterface(java.lang.Object, java.lang.Object, int)'> (0x0000000093bef9a0) 
thrown [s\src\hotspot\share\interpreter\linkResolver.cpp, line 784]
Event: 54.347 Thread 0x00000121032c18a0 Exception <a 'java/lang/NoSuchMethodError'{0x0000000091ee6010}: 'void java.lang.invoke.DirectMethodHandle$Holder.invokeStatic(java.lang.Object, int)'> (0x0000000091ee6010) 
thrown [s\src\hotspot\share\interpreter\linkResolver.cpp, line 784]
Event: 54.370 Thread 0x00000121032c0b80 Exception <a 'java/lang/NoSuchMethodError'{0x0000000091b3dd08}: 'java.lang.Object java.lang.invoke.DirectMethodHandle$Holder.newInvokeSpecial(java.lang.Object, java.lang.Object, int, java.lang.Object, java.lang.Object, java.lang.Object)'> (0x0000000091b3dd08) 
thrown [s\src\hotspot\share\interpreter\linkResolver.cpp, line 784]
Event: 54.372 Thread 0x00000121032c0b80 Exception <a 'java/lang/NoSuchMethodError'{0x0000000091b6bc78}: 'void java.lang.invoke.DirectMethodHandle$Holder.invokeSpecial(java.lang.Object, java.lang.Object, java.lang.Object, int, java.lang.Object, java.lang.Object, java.lang.Object, java.lang.Object)'> (0x0000000091b6bc78) 
thrown [s\src\hotspot\share\interpreter\linkResolver.cpp, line 784]
Event: 54.379 Thread 0x00000121032c0b80 Exception <a 'java/lang/NoSuchMethodError'{0x0000000091be01a8}: 'void java.lang.invoke.DirectMethodHandle$Holder.invokeStatic(java.lang.Object, java.lang.Object, java.lang.Object, java.lang.Object, java.lang.Object, java.lang.Object, java.lang.Object, java.lang.Object)'> (0x0000000091be01a8) 
thrown [s\src\hotspot\share\interpreter\linkResolver.cpp, line 784]
Event: 54.801 Thread 0x00000121032c0b80 Exception <a 'java/lang/IncompatibleClassChangeError'{0x000000008c535348}: Found class java.lang.Object, but interface was expected> (0x000000008c535348) 
thrown [s\src\hotspot\share\interpreter\linkResolver.cpp, line 851]
Event: 55.165 Thread 0x00000121032c18a0 Exception <a 'java/lang/NoSuchMethodError'{0x000000008b665b48}: 'java.lang.Object java.lang.invoke.Invokers$Holder.linkToTargetMethod(java.lang.Object, int, java.lang.Object, java.lang.Object, java.lang.Object, java.lang.Object, java.lang.Object, java.lang.Object, java.lang.Object, java.lang.Object, java.lang.Object, java.lang.Object, java.lang.Object)'> (0x000000008b665b48) 
thrown [s\src\hotspot\share\interpreter\linkResolver.cpp, line 784]
Event: 55.199 Thread 0x00000121032c1210 Exception <a 'java/lang/IncompatibleClassChangeError'{0x000000008b542898}: Found class java.lang.Object, but interface was expected> (0x000000008b542898) 
thrown [s\src\hotspot\share\interpreter\linkResolver.cpp, line 851]
Event: 55.199 Thread 0x00000121032c18a0 Exception <a 'java/lang/IncompatibleClassChangeError'{0x000000008b5ae470}: Found class java.lang.Object, but interface was expected> (0x000000008b5ae470) 
thrown [s\src\hotspot\share\interpreter\linkResolver.cpp, line 851]
Event: 55.515 Thread 0x00000121032c0b80 Exception <a 'sun/nio/fs/WindowsException'{0x00000000ff925e50}> (0x00000000ff925e50) 
thrown [s\src\hotspot\share\prims\jni.cpp, line 535]
Event: 56.946 Thread 0x00000121032c18a0 Exception <a 'java/lang/NoSuchMethodError'{0x000000008e491ad0}: 'java.lang.Object java.lang.invoke.DirectMethodHandle$Holder.newInvokeSpecial(java.lang.Object, int, java.lang.Object, java.lang.Object, java.lang.Object, java.lang.Object)'> (0x000000008e491ad0) 
thrown [s\src\hotspot\share\interpreter\linkResolver.cpp, line 784]

ZGC Phase Switch (0 events):
No events

VM Operations (20 events):
Event: 55.957 Executing VM operation: ICBufferFull done
Event: 56.032 Executing VM operation: HandshakeAllThreads (Deoptimize)
Event: 56.093 Executing VM operation: HandshakeAllThreads (Deoptimize) done
Event: 56.110 Executing VM operation: G1CollectForAllocation (G1 Evacuation Pause)
Event: 56.134 Executing VM operation: G1CollectForAllocation (G1 Evacuation Pause) done
Event: 56.456 Executing VM operation: G1PauseRemark
Event: 56.496 Executing VM operation: G1PauseRemark done
Event: 56.901 Executing VM operation: ICBufferFull
Event: 56.925 Executing VM operation: ICBufferFull done
Event: 56.926 Executing VM operation: ICBufferFull
Event: 56.926 Executing VM operation: ICBufferFull done
Event: 56.926 Executing VM operation: ICBufferFull
Event: 56.927 Executing VM operation: ICBufferFull done
Event: 56.988 Executing VM operation: G1PauseCleanup
Event: 57.003 Executing VM operation: G1PauseCleanup done
Event: 57.005 Executing VM operation: G1CollectForAllocation (G1 Evacuation Pause)
Event: 57.022 Executing VM operation: G1CollectForAllocation (G1 Evacuation Pause) done
Event: 57.248 Executing VM operation: ICBufferFull
Event: 57.263 Executing VM operation: ICBufferFull done
Event: 57.705 Executing VM operation: G1CollectForAllocation (G1 Evacuation Pause)

Memory protections (0 events):
No events

Nmethod flushes (20 events):
Event: 56.494 Thread 0x0000012178154ff0 flushing  nmethod 0x0000012163436c10
Event: 56.494 Thread 0x0000012178154ff0 flushing  nmethod 0x00000121634b4790
Event: 56.494 Thread 0x0000012178154ff0 flushing  nmethod 0x000001216362c590
Event: 56.494 Thread 0x0000012178154ff0 flushing  nmethod 0x0000012163b56790
Event: 56.494 Thread 0x0000012178154ff0 flushing  nmethod 0x0000012163c56a10
Event: 56.494 Thread 0x0000012178154ff0 flushing  nmethod 0x0000012163de7410
Event: 56.494 Thread 0x0000012178154ff0 flushing  nmethod 0x0000012163de9190
Event: 56.494 Thread 0x0000012178154ff0 flushing  nmethod 0x0000012163e49f10
Event: 56.494 Thread 0x0000012178154ff0 flushing  nmethod 0x0000012163e89490
Event: 56.494 Thread 0x0000012178154ff0 flushing  nmethod 0x0000012163e8d710
Event: 56.494 Thread 0x0000012178154ff0 flushing  nmethod 0x0000012163ef5e10
Event: 56.494 Thread 0x0000012178154ff0 flushing  nmethod 0x0000012163f47990
Event: 56.494 Thread 0x0000012178154ff0 flushing  nmethod 0x00000121640a4890
Event: 56.494 Thread 0x0000012178154ff0 flushing  nmethod 0x00000121640a5710
Event: 56.494 Thread 0x0000012178154ff0 flushing  nmethod 0x00000121640a5c90
Event: 56.494 Thread 0x0000012178154ff0 flushing  nmethod 0x00000121640a7990
Event: 56.494 Thread 0x0000012178154ff0 flushing  nmethod 0x00000121641f5510
Event: 56.494 Thread 0x0000012178154ff0 flushing  nmethod 0x00000121643ec890
Event: 56.494 Thread 0x0000012178154ff0 flushing  nmethod 0x000001216467db10
Event: 56.494 Thread 0x0000012178154ff0 flushing  nmethod 0x0000012164e30510

Events (20 events):
Event: 45.655 Thread 0x000001210363d000 Thread added: 0x0000012109851b40
Event: 45.656 Thread 0x000001210363d000 Thread added: 0x0000012109850e20
Event: 45.656 Thread 0x000001210363d000 Thread added: 0x000001210984e6c0
Event: 45.657 Thread 0x000001210363d000 Thread added: 0x000001210984ed50
Event: 45.657 Thread 0x000001210363d000 Thread added: 0x000001210984fa70
Event: 45.676 Thread 0x00000121781f7400 Thread added: 0x0000012101581440
Event: 46.058 Thread 0x000001210363d000 Thread added: 0x000001217ede38a0
Event: 46.060 Thread 0x000001210363d000 Thread added: 0x000001217ede3210
Event: 46.061 Thread 0x000001210363d000 Thread added: 0x000001217ede45c0
Event: 46.061 Thread 0x000001210363d000 Thread added: 0x000001217ede52e0
Event: 46.062 Thread 0x000001210363d000 Thread added: 0x000001217ede4c50
Event: 46.065 Thread 0x000001210363d000 Thread added: 0x000001210363bc50
Event: 46.066 Thread 0x000001210363d000 Thread added: 0x000001210363c2e0
Event: 46.447 Thread 0x0000012101581440 Thread exited: 0x0000012101581440
Event: 46.841 Thread 0x000001210363d000 Thread added: 0x000001210a4720c0
Event: 47.251 Thread 0x000001210157a740 Thread exited: 0x000001210157a740
Event: 47.383 Thread 0x00000121781f7400 Thread added: 0x000001210157a740
Event: 49.409 Thread 0x000001210157a740 Thread exited: 0x000001210157a740
Event: 50.503 Thread 0x00000121781f5b80 Thread added: 0x000001210157a740
Event: 50.802 Thread 0x000001210157a740 Thread added: 0x000001210b5679c0


Dynamic libraries:
0x00007ff7a9140000 - 0x00007ff7a914a000 	C:\Program Files\Android\Android Studio\jbr\bin\java.exe
0x00007fffd4320000 - 0x00007fffd4587000 	C:\WINDOWS\SYSTEM32\ntdll.dll
0x00007fffd3a90000 - 0x00007fffd3b59000 	C:\WINDOWS\System32\KERNEL32.DLL
0x00007fffd17f0000 - 0x00007fffd1bdf000 	C:\WINDOWS\System32\KERNELBASE.dll
0x00007fffd1470000 - 0x00007fffd15bb000 	C:\WINDOWS\System32\ucrtbase.dll
0x00007fffbf1b0000 - 0x00007fffbf1cb000 	C:\Program Files\Android\Android Studio\jbr\bin\VCRUNTIME140.dll
0x00007fffb1d50000 - 0x00007fffb1d68000 	C:\Program Files\Android\Android Studio\jbr\bin\jli.dll
0x00007fffd2970000 - 0x00007fffd2b35000 	C:\WINDOWS\System32\USER32.dll
0x00007fffd1bf0000 - 0x00007fffd1c17000 	C:\WINDOWS\System32\win32u.dll
0x00007fffa6440000 - 0x00007fffa66d3000 	C:\WINDOWS\WinSxS\amd64_microsoft.windows.common-controls_6595b64144ccf1df_6.0.26100.7309_none_3e05feeae336a044\COMCTL32.dll
0x00007fffd3a60000 - 0x00007fffd3a8b000 	C:\WINDOWS\System32\GDI32.dll
0x00007fffd3950000 - 0x00007fffd39f9000 	C:\WINDOWS\System32\msvcrt.dll
0x00007fffd1c20000 - 0x00007fffd1d4c000 	C:\WINDOWS\System32\gdi32full.dll
0x00007fffd1740000 - 0x00007fffd17e3000 	C:\WINDOWS\System32\msvcp_win.dll
0x00007fffd20c0000 - 0x00007fffd20f1000 	C:\WINDOWS\System32\IMM32.DLL
0x00007fffbf180000 - 0x00007fffbf18c000 	C:\Program Files\Android\Android Studio\jbr\bin\vcruntime140_1.dll
0x00007fff977c0000 - 0x00007fff9784d000 	C:\Program Files\Android\Android Studio\jbr\bin\msvcp140.dll
0x00007fff0f040000 - 0x00007fff0fcca000 	C:\Program Files\Android\Android Studio\jbr\bin\server\jvm.dll
0x00007fffd2100000 - 0x00007fffd21b4000 	C:\WINDOWS\System32\ADVAPI32.dll
0x00007fffd2840000 - 0x00007fffd28e6000 	C:\WINDOWS\System32\sechost.dll
0x00007fffd37c0000 - 0x00007fffd38d8000 	C:\WINDOWS\System32\RPCRT4.dll
0x00007fffd3740000 - 0x00007fffd37b4000 	C:\WINDOWS\System32\WS2_32.dll
0x00007fffd12d0000 - 0x00007fffd132e000 	C:\WINDOWS\SYSTEM32\POWRPROF.dll
0x00007fffc6fe0000 - 0x00007fffc7015000 	C:\WINDOWS\SYSTEM32\WINMM.dll
0x00007fffc06b0000 - 0x00007fffc06bb000 	C:\WINDOWS\SYSTEM32\VERSION.dll
0x00007fffd12b0000 - 0x00007fffd12c4000 	C:\WINDOWS\SYSTEM32\UMPDC.dll
0x00007fffd01e0000 - 0x00007fffd01fb000 	C:\WINDOWS\SYSTEM32\kernel.appcore.dll
0x00007fffbf140000 - 0x00007fffbf14a000 	C:\Program Files\Android\Android Studio\jbr\bin\jimage.dll
0x00007fffceb60000 - 0x00007fffceda2000 	C:\WINDOWS\SYSTEM32\DBGHELP.DLL
0x00007fffd2b40000 - 0x00007fffd2ec6000 	C:\WINDOWS\System32\combase.dll
0x00007fffd25b0000 - 0x00007fffd2686000 	C:\WINDOWS\System32\OLEAUT32.dll
0x00007fffbbec0000 - 0x00007fffbbefc000 	C:\WINDOWS\SYSTEM32\dbgcore.DLL
0x00007fffd1ec0000 - 0x00007fffd1f65000 	C:\WINDOWS\System32\bcryptPrimitives.dll
0x00007fffbf4e0000 - 0x00007fffbf4ee000 	C:\Program Files\Android\Android Studio\jbr\bin\instrument.dll
0x00007fffbef90000 - 0x00007fffbefb0000 	C:\Program Files\Android\Android Studio\jbr\bin\java.dll
0x00007fffbe3a0000 - 0x00007fffbe3b8000 	C:\Program Files\Android\Android Studio\jbr\bin\zip.dll
0x00007fffd2ed0000 - 0x00007fffd3623000 	C:\WINDOWS\System32\SHELL32.dll
0x00007fffd1d50000 - 0x00007fffd1eba000 	C:\WINDOWS\System32\wintypes.dll
0x00007fffcf030000 - 0x00007fffcf88e000 	C:\WINDOWS\SYSTEM32\windows.storage.dll
0x00007fffd2330000 - 0x00007fffd2425000 	C:\WINDOWS\System32\SHCORE.dll
0x00007fffd38e0000 - 0x00007fffd3946000 	C:\WINDOWS\System32\shlwapi.dll
0x00007fffd1390000 - 0x00007fffd13b9000 	C:\WINDOWS\SYSTEM32\profapi.dll
0x00007fffbf070000 - 0x00007fffbf080000 	C:\Program Files\Android\Android Studio\jbr\bin\net.dll
0x00007fffcb150000 - 0x00007fffcb278000 	C:\WINDOWS\SYSTEM32\WINHTTP.dll
0x00007fffd0730000 - 0x00007fffd079b000 	C:\WINDOWS\system32\mswsock.dll
0x00007fffbe340000 - 0x00007fffbe356000 	C:\Program Files\Android\Android Studio\jbr\bin\nio.dll
0x00007fffb2ad0000 - 0x00007fffb2ae0000 	C:\Program Files\Android\Android Studio\jbr\bin\verify.dll
0x00007fffb1b00000 - 0x00007fffb1b27000 	C:\Users\Felizardo Chaguala\.gradle\native\c067742578af261105cb4f569cf0c3c89f3d7b1fecec35dd04571415982c5e48\windows-amd64\native-platform.dll
0x00007fff97670000 - 0x00007fff977b4000 	C:\Users\Felizardo Chaguala\.gradle\native\100fb08df4bc3b14c8652ba06237920a3bd2aa13389f12d3474272988ae205f9\windows-amd64\native-platform-file-events.dll
0x00007fffbe320000 - 0x00007fffbe329000 	C:\Program Files\Android\Android Studio\jbr\bin\management.dll
0x00007fffbe310000 - 0x00007fffbe31b000 	C:\Program Files\Android\Android Studio\jbr\bin\management_ext.dll
0x00007fffd3730000 - 0x00007fffd3738000 	C:\WINDOWS\System32\PSAPI.DLL
0x00007fffd0b20000 - 0x00007fffd0b3b000 	C:\WINDOWS\SYSTEM32\CRYPTSP.dll
0x00007fffd0140000 - 0x00007fffd017a000 	C:\WINDOWS\system32\rsaenh.dll
0x00007fffd07e0000 - 0x00007fffd080b000 	C:\WINDOWS\SYSTEM32\USERENV.dll
0x00007fffd1360000 - 0x00007fffd138a000 	C:\WINDOWS\SYSTEM32\bcrypt.dll
0x00007fffd0980000 - 0x00007fffd098c000 	C:\WINDOWS\SYSTEM32\CRYPTBASE.dll
0x00007fffcfc20000 - 0x00007fffcfc54000 	C:\WINDOWS\SYSTEM32\IPHLPAPI.DLL
0x00007fffd3bd0000 - 0x00007fffd3bda000 	C:\WINDOWS\System32\NSI.dll
0x00007fffbe330000 - 0x00007fffbe339000 	C:\Program Files\Android\Android Studio\jbr\bin\extnet.dll
0x00007fffc0df0000 - 0x00007fffc0df8000 	C:\WINDOWS\system32\wshunix.dll
0x00007fffcfcc0000 - 0x00007fffcfdec000 	C:\WINDOWS\SYSTEM32\DNSAPI.dll
0x000000005cd00000 - 0x000000005cd26000 	C:\Program Files\Bonjour\mdnsNSP.dll
0x00007fffc0b90000 - 0x00007fffc0b9b000 	C:\Windows\System32\rasadhlp.dll
0x00007fffcba50000 - 0x00007fffcbad6000 	C:\WINDOWS\System32\fwpuclnt.dll
0x00007fffd0300000 - 0x00007fffd0336000 	C:\WINDOWS\SYSTEM32\ntmarta.dll

dbghelp: loaded successfully - version: 4.0.5 - missing functions: none
symbol engine: initialized successfully - sym options: 0x614 - pdb path: .;C:\Program Files\Android\Android Studio\jbr\bin;C:\WINDOWS\SYSTEM32;C:\WINDOWS\WinSxS\amd64_microsoft.windows.common-controls_6595b64144ccf1df_6.0.26100.7309_none_3e05feeae336a044;C:\Program Files\Android\Android Studio\jbr\bin\server;C:\Users\Felizardo Chaguala\.gradle\native\c067742578af261105cb4f569cf0c3c89f3d7b1fecec35dd04571415982c5e48\windows-amd64;C:\Users\Felizardo Chaguala\.gradle\native\100fb08df4bc3b14c8652ba06237920a3bd2aa13389f12d3474272988ae205f9\windows-amd64;C:\Program Files\Bonjour

VM Arguments:
jvm_args: --add-opens=java.base/java.lang=ALL-UNNAMED --add-opens=java.base/java.lang.invoke=ALL-UNNAMED --add-opens=java.base/java.util=ALL-UNNAMED --add-opens=java.prefs/java.util.prefs=ALL-UNNAMED --add-exports=jdk.compiler/com.sun.tools.javac.api=ALL-UNNAMED --add-exports=jdk.compiler/com.sun.tools.javac.util=ALL-UNNAMED --add-opens=java.base/java.util=ALL-UNNAMED --add-opens=java.prefs/java.util.prefs=ALL-UNNAMED --add-opens=java.base/java.nio.charset=ALL-UNNAMED --add-opens=java.base/java.net=ALL-UNNAMED --add-opens=java.base/java.util.concurrent.atomic=ALL-UNNAMED --add-opens=java.xml/javax.xml.namespace=ALL-UNNAMED -Xmx2048m -Dfile.encoding=UTF-8 -Duser.country=US -Duser.language=en -Duser.variant -javaagent:C:\Users\Felizardo Chaguala\.gradle\wrapper\dists\gradle-8.11.1-bin\bpt9gzteqjrbo1mjrsomdt32c\gradle-8.11.1\lib\agents\gradle-instrumentation-agent-8.11.1.jar 
java_command: org.gradle.launcher.daemon.bootstrap.GradleDaemon 8.11.1
java_class_path (initial): C:\Users\Felizardo Chaguala\.gradle\wrapper\dists\gradle-8.11.1-bin\bpt9gzteqjrbo1mjrsomdt32c\gradle-8.11.1\lib\gradle-daemon-main-8.11.1.jar
Launcher Type: SUN_STANDARD

[Global flags]
     intx CICompilerCount                          = 4                                         {product} {ergonomic}
     uint ConcGCThreads                            = 2                                         {product} {ergonomic}
     uint G1ConcRefinementThreads                  = 8                                         {product} {ergonomic}
   size_t G1HeapRegionSize                         = 1048576                                   {product} {ergonomic}
    uintx GCDrainStackTargetSize                   = 64                                        {product} {ergonomic}
   size_t InitialHeapSize                          = 331350016                                 {product} {ergonomic}
   size_t MarkStackSize                            = 4194304                                   {product} {ergonomic}
   size_t MaxHeapSize                              = 2147483648                                {product} {command line}
   size_t MaxNewSize                               = 1287651328                                {product} {ergonomic}
   size_t MinHeapDeltaBytes                        = 1048576                                   {product} {ergonomic}
   size_t MinHeapSize                              = 8388608                                   {product} {ergonomic}
    uintx NonNMethodCodeHeapSize                   = 5839372                                {pd product} {ergonomic}
    uintx NonProfiledCodeHeapSize                  = 122909434                              {pd product} {ergonomic}
    uintx ProfiledCodeHeapSize                     = 122909434                              {pd product} {ergonomic}
    uintx ReservedCodeCacheSize                    = 251658240                              {pd product} {ergonomic}
     bool SegmentedCodeCache                       = true                                      {product} {ergonomic}
   size_t SoftMaxHeapSize                          = 2147483648                             {manageable} {ergonomic}
     bool UseCompressedOops                        = true                           {product lp64_product} {ergonomic}
     bool UseG1GC                                  = true                                      {product} {ergonomic}
     bool UseLargePagesIndividualAllocation        = false                                  {pd product} {ergonomic}

Logging:
Log output configuration:
 #0: stdout all=warning uptime,level,tags foldmultilines=false
 #1: stderr all=off uptime,level,tags foldmultilines=false

Environment Variables:
PATH=C:\Program Files (x86)\Common Files\Oracle\Java\java8path;C:\Program Files (x86)\Common Files\Oracle\Java\javapath;C:\WINDOWS\system32;C:\WINDOWS;C:\WINDOWS\System32\Wbem;C:\WINDOWS\System32\WindowsPowerShell\v1.0\;C:\WINDOWS\System32\OpenSSH\;C:\Program Files\nodejs\;C:\ProgramData\chocolatey\bin;C:\Program Files\Microsoft SQL Server\150\Tools\Binn\;C:\Program Files\Microsoft SQL Server\Client SDK\ODBC\170\Tools\Binn\;C:\Program Files (x86)\Windows Kits\10\Windows Performance Toolkit\;C:\Program Files\Docker\Docker\resources\bin;C:\Program Files\MySQL\MySQL Server 8.0\bin;C:\Program Files\dotnet\;C:\Program Files\Git\cmd;C:\flutter\bin;C:\Users\Felizardo Chaguala\AppData\Local\Android\Sdk\cmdline-tools\bin;C:\Program Files\PuTTY\;C:\Users\Felizardo Chaguala\AppData\Local\Programs\Python\Python313\Scripts\;C:\Users\Felizardo Chaguala\AppData\Local\Programs\Python\Python313\;C:\Program Files\MySQL\MySQL Shell 8.0\bin\;C:\Users\Felizardo Chaguala\AppData\Local\Microsoft\WindowsApps;C:\Users\Felizardo Chaguala\AppData\Local\Programs\Microsoft VS Code\bin;C:\Users\Felizardo Chaguala\AppData\Roaming\npm;C:\Program Files\JetBrains\IntelliJ IDEA 2024.3\bin;;C:\Users\Felizardo Chaguala\.dotnet\tools;C:\flutter\bin;
USERNAME=Felizardo Chaguala
OS=Windows_NT
PROCESSOR_IDENTIFIER=Intel64 Family 6 Model 140 Stepping 1, GenuineIntel
TMP=C:\Users\FELIZA~1\AppData\Local\Temp
TEMP=C:\Users\FELIZA~1\AppData\Local\Temp




Periodic native trim disabled

JNI global refs:
JNI global refs: 31, weak refs: 38

JNI global refs memory usage: 835, weak refs: 833

Process memory usage:
Resident Set Size: 720688K (3% of 20644104K total physical memory with 2292184K free physical memory)

OOME stack traces (most recent first):
Classloader memory used:
Loader org.gradle.internal.classloader.VisitableURLClassLoader$InstrumentingVisitableURLClassLoader: 51252K
Loader org.gradle.internal.classloader.VisitableURLClassLoader                         : 41313K
Loader bootstrap                                                                       : 32837K
Loader org.gradle.initialization.MixInLegacyTypesClassLoader                           : 13038K
Loader jdk.internal.loader.ClassLoaders$PlatformClassLoader                            : 813K
Loader jdk.internal.reflect.DelegatingClassLoader                                      : 319K
Loader jdk.internal.loader.ClassLoaders$AppClassLoader                                 : 234K
Loader org.gradle.internal.classloader.VisitableURLClassLoader                         : 187K

Classes loaded by more than one classloader:
Class Program                                                                         : loaded 5 times (x 68B)
Class Build_gradle                                                                    : loaded 3 times (x 126B)
Class Build_gradle$1                                                                  : loaded 3 times (x 70B)
Class com.google.common.collect.RegularImmutableMap$KeySet                            : loaded 2 times (x 146B)
Class org.gradle.internal.classloader.FilteringClassLoader                            : loaded 2 times (x 101B)
Class [Lcom.google.common.collect.MapMakerInternalMap$Segment;                        : loaded 2 times (x 65B)
Class com.google.common.io.FileWriteMode                                              : loaded 2 times (x 75B)
Class [Lcom.google.common.base.AbstractIterator$State;                                : loaded 2 times (x 65B)
Class com.google.common.base.CharMatcher$IsEither                                     : loaded 2 times (x 107B)
Class org.gradle.internal.classloader.ClassLoaderHierarchy                            : loaded 2 times (x 66B)
Class com.google.common.collect.AbstractMapBasedMultimap$WrappedCollection            : loaded 2 times (x 120B)
Class com.google.common.collect.ImmutableEnumSet                                      : loaded 2 times (x 142B)
Class com.google.common.util.concurrent.ExecutionError                                : loaded 2 times (x 78B)
Class com.google.common.collect.ImmutableList$1                                       : loaded 2 times (x 93B)
Class org.gradle.api.internal.classpath.ManifestUtil                                  : loaded 2 times (x 67B)
Class com.google.common.io.ByteArrayDataOutput                                        : loaded 2 times (x 66B)
Class com.google.common.collect.RegularImmutableMap                                   : loaded 2 times (x 117B)
Class com.google.common.collect.ImmutableMap$MapViewOfValuesAsSingletonSets           : loaded 2 times (x 121B)
Class com.google.common.collect.TransformedListIterator                               : loaded 2 times (x 89B)
Class [Lorg.objectweb.asm.Symbol;                                                     : loaded 2 times (x 65B)
Class org.objectweb.asm.ClassVisitor                                                  : loaded 2 times (x 84B)
Class com.google.common.collect.UnmodifiableListIterator                              : loaded 2 times (x 91B)
Class com.google.common.collect.MapMakerInternalMap$StrongKeyDummyValueEntry$LinkedStrongKeyDummyValueEntry: loaded 2 times (x 78B)
Class com.google.common.collect.MapMakerInternalMap$Strength                          : loaded 2 times (x 76B)
Class com.google.common.base.Platform$JdkPatternCompiler                              : loaded 2 times (x 71B)
Class org.objectweb.asm.MethodTooLargeException                                       : loaded 2 times (x 79B)
Class [Lcom.google.common.cache.CacheBuilder$OneWeigher;                              : loaded 2 times (x 65B)
Class com.google.common.base.Suppliers                                                : loaded 2 times (x 67B)
Class org.gradle.internal.classloader.DefaultClassLoaderFactory                       : loaded 2 times (x 78B)
Class com.google.common.base.CharMatcher$None                                         : loaded 2 times (x 108B)
Class org.gradle.internal.classloader.ClassLoaderVisitor                              : loaded 2 times (x 72B)
Class [Lcom.google.common.collect.ImmutableMapEntry;                                  : loaded 2 times (x 65B)
Class org.gradle.api.internal.classpath.EffectiveClassPath                            : loaded 2 times (x 86B)
Class com.google.common.collect.ImmutableRangeSet                                     : loaded 2 times (x 111B)
Class [Lorg.apache.commons.io.StandardLineSeparator;                                  : loaded 2 times (x 65B)
Class org.apache.commons.io.output.StringBuilderWriter                                : loaded 2 times (x 96B)
Class com.google.common.collect.ImmutableEnumMap                                      : loaded 2 times (x 121B)
Class com.google.common.collect.ListMultimap                                          : loaded 2 times (x 66B)
Class com.google.common.collect.Iterators$EmptyModifiableIterator                     : loaded 2 times (x 82B)
Class com.google.common.collect.Sets$1                                                : loaded 2 times (x 135B)
Class org.objectweb.asm.AnnotationVisitor                                             : loaded 2 times (x 74B)
Class com.google.common.base.Splitter                                                 : loaded 2 times (x 68B)
Class org.gradle.api.internal.DefaultClassPathProvider                                : loaded 2 times (x 72B)
Class com.google.common.collect.MapMakerInternalMap$Strength$1                        : loaded 2 times (x 76B)
Class com.google.common.collect.Maps$ViewCachingAbstractMap                           : loaded 2 times (x 121B)
Class com.google.common.collect.Sets$2                                                : loaded 2 times (x 135B)
Class [Lorg.gradle.api.internal.ClassPathProvider;                                    : loaded 2 times (x 65B)
Class org.gradle.api.internal.ClassPathProvider                                       : loaded 2 times (x 66B)
Class com.google.common.collect.MapMakerInternalMap$Strength$2                        : loaded 2 times (x 76B)
Class [Lorg.objectweb.asm.AnnotationVisitor;                                          : loaded 2 times (x 65B)
Class com.google.common.collect.Sets$3                                                : loaded 2 times (x 135B)
Class com.google.common.util.concurrent.AbstractFuture$SafeAtomicHelper               : loaded 2 times (x 75B)
Class com.google.common.cache.LocalCache$LocalLoadingCache                            : loaded 2 times (x 130B)
Class com.google.common.base.AbstractIterator$State                                   : loaded 2 times (x 75B)
Class org.gradle.internal.service.UnknownServiceException                             : loaded 2 times (x 79B)
Class com.google.common.io.ByteArrayDataInput                                         : loaded 2 times (x 66B)
Class com.google.common.collect.MapMakerInternalMap$StrongValueEntry                  : loaded 2 times (x 66B)
Class com.google.common.collect.Sets$4                                                : loaded 2 times (x 135B)
Class org.objectweb.asm.ModuleVisitor                                                 : loaded 2 times (x 77B)
Class com.google.common.cache.LocalCache$Strength$1                                   : loaded 2 times (x 77B)
Class org.apache.commons.io.output.QueueOutputStream                                  : loaded 2 times (x 83B)
Class com.google.common.util.concurrent.SettableFuture                                : loaded 2 times (x 110B)
Class com.google.common.cache.LocalCache$Strength$2                                   : loaded 2 times (x 77B)
Class com.google.common.io.ByteStreams                                                : loaded 2 times (x 67B)
Class com.google.common.collect.Interners$InternerImpl                                : loaded 2 times (x 71B)
Class com.google.common.collect.Interner                                              : loaded 2 times (x 66B)
Class com.google.common.collect.TransformedIterator                                   : loaded 2 times (x 76B)
Class com.google.common.cache.LocalCache$Strength$3                                   : loaded 2 times (x 77B)
Class com.google.common.collect.MapDifference                                         : loaded 2 times (x 66B)
Class com.google.common.base.Splitter$1                                               : loaded 2 times (x 73B)
Class com.google.common.collect.MapMaker$Dummy                                        : loaded 2 times (x 75B)
Class org.objectweb.asm.FieldWriter                                                   : loaded 2 times (x 74B)
Class com.google.common.cache.CacheBuilder$NullListener                               : loaded 2 times (x 78B)
Class org.gradle.internal.classpath.TransformedClassPath                              : loaded 2 times (x 92B)
Class org.gradle.internal.classloader.InstrumentingClassLoader                        : loaded 2 times (x 66B)
Class com.google.common.collect.ImmutableListMultimap                                 : loaded 2 times (x 172B)
Class com.google.common.collect.ImmutableRangeSet$AsSet                               : loaded 2 times (x 295B)
Class org.apache.commons.io.output.UnsynchronizedByteArrayOutputStream                : loaded 2 times (x 98B)
Class com.google.common.cache.CacheLoader$FunctionToCacheLoader                       : loaded 2 times (x 71B)
Class com.google.common.collect.Iterators$ArrayItr                                    : loaded 2 times (x 93B)
Class com.google.common.collect.ImmutableCollection$Builder                           : loaded 2 times (x 72B)
Class com.google.common.collect.EmptyImmutableListMultimap                            : loaded 2 times (x 172B)
Class com.google.common.collect.BaseImmutableMultimap                                 : loaded 2 times (x 119B)
Class org.apache.commons.io.output.ByteArrayOutputStream                              : loaded 2 times (x 98B)
Class com.google.common.base.Joiner                                                   : loaded 2 times (x 75B)
Class com.google.common.base.MoreObjects                                              : loaded 2 times (x 67B)
Class [Lorg.objectweb.asm.Attribute;                                                  : loaded 2 times (x 65B)
Class [Lorg.objectweb.asm.Type;                                                       : loaded 2 times (x 65B)
Class com.google.common.collect.Platform                                              : loaded 2 times (x 67B)
Class com.google.common.collect.UnmodifiableIterator                                  : loaded 2 times (x 76B)
Class org.gradle.internal.service.ServiceLocator                                      : loaded 2 times (x 66B)
Class com.google.common.base.Ascii                                                    : loaded 2 times (x 67B)
Class com.google.common.collect.SingletonImmutableBiMap                               : loaded 2 times (x 139B)
Class com.google.common.cache.LocalCache$1                                            : loaded 2 times (x 85B)
Class com.google.common.collect.AbstractMapEntry                                      : loaded 2 times (x 77B)
Class com.google.common.collect.MapMakerInternalMap$AbstractStrongKeyEntry            : loaded 2 times (x 76B)
Class com.google.common.collect.Sets$ImprovedAbstractSet                              : loaded 2 times (x 131B)
Class com.google.common.collect.ImmutableList$Builder                                 : loaded 2 times (x 73B)
Class com.google.common.cache.LocalCache$2                                            : loaded 2 times (x 138B)
Class com.google.common.collect.AbstractMultimap                                      : loaded 2 times (x 119B)
Class com.google.common.collect.ImmutableRangeSet$1                                   : loaded 2 times (x 205B)
Class com.google.common.util.concurrent.AbstractFuture$UnsafeAtomicHelper$1           : loaded 2 times (x 72B)
Class com.google.common.collect.RegularImmutableAsList                                : loaded 2 times (x 212B)
Class com.google.common.base.Optional                                                 : loaded 2 times (x 76B)
Class com.google.common.collect.Range                                                 : loaded 2 times (x 83B)
Class com.google.common.util.concurrent.AbstractFuture$Trusted                        : loaded 2 times (x 66B)
Class com.google.common.collect.Iterators                                             : loaded 2 times (x 67B)
Class com.google.common.base.CharMatcher$RangesMatcher                                : loaded 2 times (x 108B)
Class com.google.common.io.ByteSink$AsCharSink                                        : loaded 2 times (x 76B)
Class com.google.common.util.concurrent.UncheckedExecutionException                   : loaded 2 times (x 78B)
Class com.google.common.collect.Lists$StringAsImmutableList                           : loaded 2 times (x 203B)
Class org.gradle.kotlin.dsl.VersionCatalogAccessorsKt                                 : loaded 2 times (x 67B)
Class com.google.common.collect.ImmutableSortedSetFauxverideShim                      : loaded 2 times (x 143B)
Class com.google.common.base.CharMatcher$JavaLetterOrDigit                            : loaded 2 times (x 107B)
Class org.gradle.internal.InternalTransformer                                         : loaded 2 times (x 66B)
Class com.google.common.collect.AbstractMapBasedMultimap$KeySet$1                     : loaded 2 times (x 78B)
Class org.objectweb.asm.ClassWriter                                                   : loaded 2 times (x 102B)
Class com.google.common.cache.CacheLoader$UnsupportedLoadingOperationException        : loaded 2 times (x 78B)
Class com.google.common.base.CharMatcher$And                                          : loaded 2 times (x 108B)
Class org.gradle.internal.classloader.ClasspathUtil$1                                 : loaded 2 times (x 72B)
Class com.google.common.base.Objects                                                  : loaded 2 times (x 67B)
Class org.objectweb.asm.FieldVisitor                                                  : loaded 2 times (x 73B)
Class com.google.common.collect.IndexedImmutableSet                                   : loaded 2 times (x 146B)
Class com.google.common.collect.ImmutableMap$1                                        : loaded 2 times (x 77B)
Class com.google.common.collect.BiMap                                                 : loaded 2 times (x 66B)
Class org.gradle.api.internal.classpath.DefaultModuleRegistry$DefaultModule           : loaded 2 times (x 82B)
Class com.google.common.primitives.Ints                                               : loaded 2 times (x 67B)
Class com.google.common.base.Equivalence$Identity                                     : loaded 2 times (x 78B)
Class com.google.common.math.MathPreconditions                                        : loaded 2 times (x 67B)
Class com.google.common.collect.Multiset                                              : loaded 2 times (x 66B)
Class com.google.common.collect.ArrayListMultimapGwtSerializationDependencies         : loaded 2 times (x 168B)
Class com.google.common.collect.ObjectArrays                                          : loaded 2 times (x 67B)
Class com.google.common.collect.AbstractIndexedListIterator                           : loaded 2 times (x 92B)
Class org.apache.commons.io.output.NullOutputStream                                   : loaded 2 times (x 81B)
Class com.google.common.collect.ImmutableMapEntrySet                                  : loaded 2 times (x 147B)
Class org.gradle.api.internal.classpath.Module                                        : loaded 2 times (x 66B)
Class com.google.common.cache.Weigher                                                 : loaded 2 times (x 66B)
Class org.gradle.api.internal.classpath.UnknownModuleException                        : loaded 2 times (x 78B)
Class com.google.common.base.Stopwatch                                                : loaded 2 times (x 68B)
Class com.google.common.cache.LocalCache$Strength                                     : loaded 2 times (x 77B)
Class com.google.common.cache.Cache                                                   : loaded 2 times (x 66B)
Class com.google.common.io.AppendableWriter                                           : loaded 2 times (x 96B)
Class com.google.common.io.Files$2                                                    : loaded 2 times (x 72B)
Class org.apache.commons.io.filefilter.IOFileFilter                                   : loaded 2 times (x 66B)
Class com.google.common.util.concurrent.AbstractFuture$Cancellation                   : loaded 2 times (x 68B)
Class com.google.common.collect.ImmutableMap$Builder                                  : loaded 2 times (x 78B)
Class com.google.common.base.NullnessCasts                                            : loaded 2 times (x 67B)
Class com.google.common.base.Present                                                  : loaded 2 times (x 77B)
Class com.google.common.collect.AbstractMapBasedMultimap$WrappedCollection$WrappedIterator: loaded 2 times (x 80B)
Class com.google.common.cache.RemovalListener                                         : loaded 2 times (x 66B)
Class org.gradle.api.internal.DefaultClassPathRegistry                                : loaded 2 times (x 72B)
Class com.google.common.collect.ImmutableMultimap$Keys                                : loaded 2 times (x 162B)
Class com.google.common.primitives.IntsMethodsForWeb                                  : loaded 2 times (x 67B)
Class com.google.common.collect.Multimap                                              : loaded 2 times (x 66B)
Class org.gradle.api.internal.ClassPathRegistry                                       : loaded 2 times (x 66B)
Class org.gradle.internal.classpath.DefaultClassPath$ImmutableUniqueList              : loaded 2 times (x 195B)
Class com.google.common.collect.MapMakerInternalMap$Segment                           : loaded 2 times (x 138B)
Class com.google.common.base.ExtraObjectsMethodsForWeb                                : loaded 2 times (x 67B)
Class org.apache.commons.io.IOUtils                                                   : loaded 2 times (x 67B)
Class com.google.common.base.PairwiseEquivalence                                      : loaded 2 times (x 79B)
Class com.google.common.io.ByteSink                                                   : loaded 2 times (x 72B)
Class com.google.common.cache.CacheBuilder                                            : loaded 2 times (x 68B)
Class com.google.common.collect.SingletonImmutableList                                : loaded 2 times (x 203B)
Class Settings_gradle$1                                                               : loaded 2 times (x 70B)
Class org.gradle.internal.classpath.ClassPath                                         : loaded 2 times (x 66B)
Class org.gradle.api.UncheckedIOException                                             : loaded 2 times (x 78B)
Class com.google.common.collect.Interners$InternerBuilder                             : loaded 2 times (x 72B)
Class com.google.common.io.Files$FileByteSource                                       : loaded 2 times (x 81B)
Class com.google.common.collect.ImmutableList$ReverseImmutableList                    : loaded 2 times (x 204B)
Class com.google.common.base.JdkPattern                                               : loaded 2 times (x 71B)
Class com.google.common.io.CharStreams$NullWriter                                     : loaded 2 times (x 95B)
Class org.objectweb.asm.SymbolTable$Entry                                             : loaded 2 times (x 70B)
Class com.google.common.util.concurrent.AbstractFuture$AtomicHelper                   : loaded 2 times (x 74B)
Class org.objectweb.asm.Edge                                                          : loaded 2 times (x 68B)
Class com.google.common.base.Suppliers$SupplierOfInstance                             : loaded 2 times (x 75B)
Class com.google.common.collect.Iterators$1                                           : loaded 2 times (x 77B)
Class com.google.common.cache.LocalCache$ComputingValueReference                      : loaded 2 times (x 92B)
Class com.google.common.collect.SingletonImmutableSet                                 : loaded 2 times (x 142B)
Class com.google.common.collect.ImmutableMap$IteratorBasedImmutableMap                : loaded 2 times (x 121B)
Class com.google.common.cache.LocalCache$Segment                                      : loaded 2 times (x 150B)
Class com.google.common.collect.SortedIterable                                        : loaded 2 times (x 66B)
Class [Lorg.objectweb.asm.SymbolTable$Entry;                                          : loaded 2 times (x 65B)
Class com.google.common.cache.CacheLoader                                             : loaded 2 times (x 70B)
Class com.google.common.collect.Iterators$4                                           : loaded 2 times (x 78B)
Class com.google.common.collect.ImmutableBiMap                                        : loaded 2 times (x 139B)
Class com.google.common.collect.AbstractListMultimap                                  : loaded 2 times (x 168B)
Class org.gradle.internal.installation.GradleInstallation$1                           : loaded 2 times (x 71B)
Class org.gradle.api.internal.classpath.ModuleRegistry                                : loaded 2 times (x 66B)
Class org.apache.commons.io.output.NullWriter                                         : loaded 2 times (x 95B)
Class com.google.common.util.concurrent.internal.InternalFutureFailureAccess          : loaded 2 times (x 68B)
Class com.google.common.collect.Iterators$5                                           : loaded 2 times (x 78B)
Class com.google.common.collect.ImmutableSet$JdkBackedSetBuilderImpl                  : loaded 2 times (x 72B)
Class com.google.common.base.Splitter$SplittingIterator                               : loaded 2 times (x 80B)
Class com.google.common.collect.ImmutableMultimap$Values                              : loaded 2 times (x 122B)
Class com.google.common.io.Closer$SuppressingSuppressor                               : loaded 2 times (x 71B)
Class com.google.common.util.concurrent.AbstractFuture$UnsafeAtomicHelper             : loaded 2 times (x 74B)
Class com.google.common.cache.LocalCache$LocalManualCache$1                           : loaded 2 times (x 71B)
Class com.google.common.base.CharMatcher$ForPredicate                                 : loaded 2 times (x 108B)
Class com.google.common.collect.ImmutableCollection                                   : loaded 2 times (x 121B)
Class com.google.common.base.CharMatcher$AnyOf                                        : loaded 2 times (x 108B)
Class org.gradle.api.internal.classpath.DefaultModuleRegistry                         : loaded 2 times (x 82B)
Class com.google.common.util.concurrent.ListenableFuture                              : loaded 2 times (x 66B)
Class com.google.common.cache.ReferenceEntry                                          : loaded 2 times (x 66B)
Class com.google.common.collect.ImmutableSet$CachingAsList                            : loaded 2 times (x 143B)
Class com.google.common.base.Converter                                                : loaded 2 times (x 86B)
Class com.google.common.collect.Lists                                                 : loaded 2 times (x 67B)
Class com.google.common.base.CharMatcher$Any                                          : loaded 2 times (x 108B)
Class com.google.common.util.concurrent.AbstractFuture                                : loaded 2 times (x 102B)
Class com.google.common.base.FunctionalEquivalence                                    : loaded 2 times (x 79B)
Class com.google.common.collect.Iterators$9                                           : loaded 2 times (x 77B)
Class com.google.common.collect.AbstractMapBasedMultimap                              : loaded 2 times (x 135B)
Class com.google.common.collect.ImmutableAsList                                       : loaded 2 times (x 205B)
Class com.google.common.io.CharStreams                                                : loaded 2 times (x 67B)
Class com.google.common.collect.ImmutableMultiset                                     : loaded 2 times (x 159B)
Class org.objectweb.asm.RecordComponentVisitor                                        : loaded 2 times (x 73B)
Class com.google.common.cache.CacheLoader$SupplierToCacheLoader                       : loaded 2 times (x 71B)
Class com.google.common.collect.Maps$EntryTransformer                                 : loaded 2 times (x 66B)
Class org.gradle.internal.service.ServiceLookupException                              : loaded 2 times (x 78B)
Class com.google.common.collect.ImmutableSortedSet                                    : loaded 2 times (x 295B)
Class [Lcom.google.common.cache.LocalCache$EntryFactory;                              : loaded 2 times (x 65B)
Class com.google.common.base.CharMatcher$JavaLetter                                   : loaded 2 times (x 107B)
Class org.gradle.internal.classloader.ClassLoaderFactory                              : loaded 2 times (x 66B)
Class com.google.common.collect.ImmutableMap$SerializedForm                           : loaded 2 times (x 69B)
Class org.apache.commons.io.CloseableURLConnection                                    : loaded 2 times (x 112B)
Class com.google.common.cache.LocalCache$LocalManualCache                             : loaded 2 times (x 95B)
Class com.google.common.base.CharMatcher$IsNot                                        : loaded 2 times (x 107B)
Class com.google.common.base.CommonPattern                                            : loaded 2 times (x 70B)
Class org.gradle.internal.service.CachingServiceLocator                               : loaded 2 times (x 78B)
Class com.google.common.collect.RegularImmutableSortedSet                             : loaded 2 times (x 295B)
Class com.google.common.collect.AbstractMapBasedMultimap$KeySet                       : loaded 2 times (x 133B)
Class com.google.common.math.IntMath                                                  : loaded 2 times (x 67B)
Class com.google.common.collect.MapMakerInternalMap$InternalEntry                     : loaded 2 times (x 66B)
Class com.google.common.collect.Iterators$10                                          : loaded 2 times (x 77B)
Class com.google.common.collect.ImmutableMapEntry                                     : loaded 2 times (x 81B)
Class com.google.common.base.CharMatcher$JavaDigit                                    : loaded 2 times (x 107B)
Class com.google.common.collect.ImmutableMultimap                                     : loaded 2 times (x 143B)
Class com.google.common.base.Equivalence                                              : loaded 2 times (x 78B)
Class com.google.common.collect.ImmutableMapEntry$NonTerminalImmutableMapEntry        : loaded 2 times (x 81B)
Class com.google.common.base.Function                                                 : loaded 2 times (x 66B)
Class org.apache.commons.io.output.AbstractByteArrayOutputStream                      : loaded 2 times (x 98B)
Class com.google.common.collect.IndexedImmutableSet$1                                 : loaded 2 times (x 208B)
Class com.google.common.cache.CacheBuilder$OneWeigher                                 : loaded 2 times (x 78B)
Class com.google.common.collect.RegularImmutableList                                  : loaded 2 times (x 208B)
Class com.google.common.collect.ImmutableBiMapFauxverideShim                          : loaded 2 times (x 116B)
Class org.gradle.internal.classloader.ClasspathUtil                                   : loaded 2 times (x 67B)
Class com.google.common.base.Charsets                                                 : loaded 2 times (x 67B)
Class com.google.common.util.concurrent.Uninterruptibles                              : loaded 2 times (x 67B)
Class com.google.common.collect.Maps                                                  : loaded 2 times (x 67B)
Class com.google.common.base.CharMatcher$JavaUpperCase                                : loaded 2 times (x 107B)
Class org.gradle.api.specs.Spec                                                       : loaded 2 times (x 66B)
Class com.google.common.collect.MapMaker                                              : loaded 2 times (x 68B)
Class org.apache.commons.io.file.PathFilter                                           : loaded 2 times (x 66B)
Class [Lcom.google.common.collect.ImmutableEntry;                                     : loaded 2 times (x 65B)
Class com.google.common.cache.LocalCache$LoadingValueReference                        : loaded 2 times (x 92B)
Class com.google.common.collect.AbstractIterator                                      : loaded 2 times (x 78B)
Class com.google.common.io.LineReader$1                                               : loaded 2 times (x 71B)
Class com.google.common.collect.CollectSpliterators                                   : loaded 2 times (x 67B)
Class com.google.common.collect.AbstractMapBasedMultimap$AsMap                        : loaded 2 times (x 124B)
Class com.google.common.collect.MapMakerInternalMap$StrongKeyDummyValueEntry          : loaded 2 times (x 78B)
Class com.google.common.base.Platform                                                 : loaded 2 times (x 67B)
Class com.google.common.collect.AbstractMapBasedMultimap$WrappedList                  : loaded 2 times (x 201B)
Class [Lorg.objectweb.asm.AnnotationWriter;                                           : loaded 2 times (x 65B)
Class com.google.common.primitives.Ints$IntConverter                                  : loaded 2 times (x 86B)
Class com.google.common.collect.Maps$8                                                : loaded 2 times (x 78B)
Class [Lcom.google.common.collect.Iterators$EmptyModifiableIterator;                  : loaded 2 times (x 65B)
Class com.google.common.collect.ImmutableRangeSet$Builder                             : loaded 2 times (x 73B)
Class com.google.common.collect.Sets$SetView                                          : loaded 2 times (x 134B)
Class com.google.common.cache.LocalCache$StrongValueReference                         : loaded 2 times (x 86B)
Class com.google.common.util.concurrent.AbstractFuture$SynchronizedHelper             : loaded 2 times (x 74B)
Class com.google.common.base.CharMatcher$Invisible                                    : loaded 2 times (x 108B)
Class com.google.common.graph.SuccessorsFunction                                      : loaded 2 times (x 66B)
Class org.objectweb.asm.Type                                                          : loaded 2 times (x 68B)
Class org.gradle.internal.classloader.VisitableURLClassLoader$InstrumentingVisitableURLClassLoader: loaded 2 times (x 119B)
Class com.google.common.collect.MapMakerInternalMap$StrongKeyDummyValueEntry$Helper   : loaded 2 times (x 75B)
Class com.google.common.io.Files$FileByteSink                                         : loaded 2 times (x 73B)
Class org.objectweb.asm.ByteVector                                                    : loaded 2 times (x 75B)
Class [Lcom.google.common.cache.CacheBuilder$NullListener;                            : loaded 2 times (x 65B)
Class com.google.common.math.IntMath$1                                                : loaded 2 times (x 67B)
Class org.gradle.internal.classloader.VisitableURLClassLoader$Spec                    : loaded 2 times (x 70B)
Class org.gradle.internal.classpath.DefaultClassPath                                  : loaded 2 times (x 86B)
Class org.objectweb.asm.Symbol                                                        : loaded 2 times (x 69B)
Class com.google.common.base.AbstractIterator                                         : loaded 2 times (x 76B)
Class com.google.common.io.Java8Compatibility                                         : loaded 2 times (x 67B)
Class com.google.common.io.Closer                                                     : loaded 2 times (x 74B)
Class com.google.common.collect.ImmutableSet                                          : loaded 2 times (x 141B)
Class com.google.common.collect.RegularImmutableMap$Values                            : loaded 2 times (x 203B)
Class com.google.common.base.CharMatcher$BitSetMatcher                                : loaded 2 times (x 108B)
Class com.google.common.base.CharMatcher$Ascii                                        : loaded 2 times (x 108B)
Class org.gradle.internal.classloader.ClassLoaderSpec                                 : loaded 2 times (x 67B)
Class org.objectweb.asm.AnnotationWriter                                              : loaded 2 times (x 75B)
Class com.google.common.cache.CacheStats                                              : loaded 2 times (x 67B)
Class com.google.common.collect.ImmutableMultisetGwtSerializationDependencies         : loaded 2 times (x 121B)
Class com.google.common.collect.Interners                                             : loaded 2 times (x 67B)
Class com.google.common.io.Closer$Suppressor                                          : loaded 2 times (x 66B)
Class com.google.common.io.LineProcessor                                              : loaded 2 times (x 66B)
Class org.objectweb.asm.RecordComponentWriter                                         : loaded 2 times (x 74B)
Class com.google.common.util.concurrent.AbstractFuture$Listener                       : loaded 2 times (x 68B)
Class com.google.common.base.CharMatcher$Or                                           : loaded 2 times (x 108B)
Class Settings_gradle$1$1                                                             : loaded 2 times (x 70B)
Class [Lorg.objectweb.asm.Label;                                                      : loaded 2 times (x 65B)
Class org.objectweb.asm.Attribute                                                     : loaded 2 times (x 73B)
Class com.google.common.base.Supplier                                                 : loaded 2 times (x 66B)
Class org.gradle.internal.classloader.VisitableURLClassLoader                         : loaded 2 times (x 113B)
Class com.google.common.util.concurrent.AbstractFuture$Waiter                         : loaded 2 times (x 68B)
Class Settings_gradle                                                                 : loaded 2 times (x 124B)
Class org.gradle.internal.Cast                                                        : loaded 2 times (x 67B)
Class org.gradle.api.Action                                                           : loaded 2 times (x 66B)
Class com.google.common.collect.MapMakerInternalMap                                   : loaded 2 times (x 157B)
Class com.google.common.base.Strings                                                  : loaded 2 times (x 67B)
Class com.google.common.collect.Sets                                                  : loaded 2 times (x 67B)
Class org.objectweb.asm.Handler                                                       : loaded 2 times (x 68B)
Class com.google.common.base.Ticker                                                   : loaded 2 times (x 68B)
Class com.google.common.base.CharMatcher$FastMatcher                                  : loaded 2 times (x 107B)
Class [Lcom.google.common.cache.LocalCache$Segment;                                   : loaded 2 times (x 65B)
Class [Lcom.google.common.cache.LocalCache$Strength;                                  : loaded 2 times (x 65B)
Class com.google.common.cache.CacheBuilder$1                                          : loaded 2 times (x 81B)
Class com.google.common.collect.ImmutableMap                                          : loaded 2 times (x 116B)
Class com.google.common.base.Predicate                                                : loaded 2 times (x 66B)
Class org.gradle.internal.classpath.DefaultClassPath$ImmutableUniqueList$Builder      : loaded 2 times (x 71B)
Class com.google.common.collect.MapMakerInternalMap$WeakValueReference                : loaded 2 times (x 66B)
Class com.google.common.collect.AbstractRangeSet                                      : loaded 2 times (x 110B)
Class com.google.common.cache.LocalCache                                              : loaded 2 times (x 183B)
Class com.google.common.cache.CacheBuilder$2                                          : loaded 2 times (x 68B)
Class com.google.common.base.CharMatcher$NegatedFastMatcher                           : loaded 2 times (x 109B)
Class [Lcom.google.common.collect.AbstractMapEntry;                                   : loaded 2 times (x 65B)
Class com.google.common.collect.ImmutableEntry                                        : loaded 2 times (x 78B)
Class com.google.common.collect.ArrayListMultimap                                     : loaded 2 times (x 168B)
Class com.google.common.base.AbstractIterator$1                                       : loaded 2 times (x 67B)
Class com.google.common.base.CharMatcher$Digit                                        : loaded 2 times (x 108B)
Class org.gradle.api.GradleException                                                  : loaded 2 times (x 78B)
Class com.google.common.base.Suppliers$MemoizingSupplier                              : loaded 2 times (x 75B)
Class org.apache.commons.io.StandardLineSeparator                                     : loaded 2 times (x 75B)
Class com.google.common.collect.CollectPreconditions                                  : loaded 2 times (x 67B)
Class com.google.common.base.CharMatcher$JavaIsoControl                               : loaded 2 times (x 108B)
Class [Lcom.google.common.collect.MapMakerInternalMap$Strength;                       : loaded 2 times (x 65B)
Class [Lcom.google.common.io.FileWriteMode;                                           : loaded 2 times (x 65B)
Class com.google.common.collect.SortedMapDifference                                   : loaded 2 times (x 66B)
Class com.google.common.base.CharMatcher$JavaLowerCase                                : loaded 2 times (x 107B)
Class com.google.common.collect.MapMakerInternalMap$StrongKeyDummyValueSegment        : loaded 2 times (x 138B)
Class com.google.common.io.Files                                                      : loaded 2 times (x 67B)
Class com.google.common.cache.LocalCache$EntryFactory                                 : loaded 2 times (x 79B)
Class [Lcom.google.common.collect.MapMaker$Dummy;                                     : loaded 2 times (x 65B)
Class com.google.common.cache.LocalCache$AbstractReferenceEntry                       : loaded 2 times (x 103B)
Class com.google.common.base.Splitter$1$1                                             : loaded 2 times (x 82B)
Class com.google.common.base.CharMatcher$Whitespace                                   : loaded 2 times (x 108B)
Class org.gradle.internal.IoActions                                                   : loaded 2 times (x 67B)
Class com.google.common.collect.ImmutableMapKeySet                                    : loaded 2 times (x 146B)
Class com.google.common.collect.ImmutableRangeSet$ComplementRanges                    : loaded 2 times (x 203B)
Class org.objectweb.asm.SymbolTable                                                   : loaded 2 times (x 68B)
Class com.google.common.cache.CacheLoader$InvalidCacheLoadException                   : loaded 2 times (x 78B)
Class com.google.common.collect.ImmutableSet$RegularSetBuilderImpl                    : loaded 2 times (x 73B)
Class com.google.common.base.CharMatcher$SingleWidth                                  : loaded 2 times (x 108B)
Class org.gradle.internal.classloader.SystemClassLoaderSpec                           : loaded 2 times (x 67B)
Class com.google.common.cache.LocalCache$StrongEntry                                  : loaded 2 times (x 104B)
Class com.google.common.util.concurrent.AbstractFuture$TrustedFuture                  : loaded 2 times (x 110B)
Class com.google.common.cache.LoadingCache                                            : loaded 2 times (x 66B)
Class com.google.common.io.ByteStreams$LimitedInputStream                             : loaded 2 times (x 88B)
Class com.google.common.base.Suppliers$NonSerializableMemoizingSupplier               : loaded 2 times (x 75B)
Class org.objectweb.asm.MethodWriter                                                  : loaded 2 times (x 102B)
Class [Lcom.google.common.cache.Weigher;                                              : loaded 2 times (x 65B)
Class com.google.common.collect.RegularImmutableMap$BucketOverflowException           : loaded 2 times (x 78B)
Class com.google.common.collect.ImmutableMultimap$1                                   : loaded 2 times (x 78B)
Class com.google.common.collect.AbstractMapBasedMultimap$RandomAccessWrappedList      : loaded 2 times (x 201B)
Class com.google.common.collect.ImmutableMultimap$2                                   : loaded 2 times (x 77B)
Class com.google.common.collect.RegularImmutableBiMap                                 : loaded 2 times (x 144B)
Class com.google.common.cache.LocalCache$ValueReference                               : loaded 2 times (x 66B)
Class com.google.common.base.CharMatcher$Negated                                      : loaded 2 times (x 109B)
Class com.google.common.base.CharMatcher$Is                                           : loaded 2 times (x 107B)
Class com.google.common.base.PatternCompiler                                          : loaded 2 times (x 66B)
Class com.google.common.util.concurrent.AbstractFuture$Failure                        : loaded 2 times (x 68B)
Class com.google.common.base.Equivalence$Equals                                       : loaded 2 times (x 78B)
Class com.google.common.collect.Hashing                                               : loaded 2 times (x 67B)
Class com.google.common.base.Preconditions                                            : loaded 2 times (x 67B)
Class com.google.common.collect.ImmutableSetMultimap                                  : loaded 2 times (x 176B)
Class com.google.common.io.CharSink                                                   : loaded 2 times (x 75B)
Class com.google.common.base.Joiner$1                                                 : loaded 2 times (x 76B)
Class org.objectweb.asm.Label                                                         : loaded 2 times (x 69B)
Class org.objectweb.asm.CurrentFrame                                                  : loaded 2 times (x 69B)
Class org.objectweb.asm.ClassTooLargeException                                        : loaded 2 times (x 79B)
Class com.google.common.collect.PeekingIterator                                       : loaded 2 times (x 66B)
Class com.google.common.base.CharMatcher                                              : loaded 2 times (x 107B)
Class com.google.common.collect.MapMakerInternalMap$InternalEntryHelper               : loaded 2 times (x 66B)
Class com.google.common.collect.RangeGwtSerializationDependencies                     : loaded 2 times (x 67B)
Class com.google.common.collect.Table                                                 : loaded 2 times (x 66B)
Class com.google.common.collect.Maps$IteratorBasedAbstractMap                         : loaded 2 times (x 121B)
Class com.google.common.base.Joiner$2                                                 : loaded 2 times (x 75B)
Class org.objectweb.asm.Frame                                                         : loaded 2 times (x 69B)
Class org.objectweb.asm.MethodVisitor                                                 : loaded 2 times (x 101B)
Class com.google.common.cache.LocalCache$EntryFactory$1                               : loaded 2 times (x 79B)
Class [Lcom.google.common.cache.RemovalListener;                                      : loaded 2 times (x 65B)
Class com.google.common.base.CharMatcher$1                                            : loaded 2 times (x 109B)
Class com.google.common.base.CharMatcher$NamedFastMatcher                             : loaded 2 times (x 108B)
Class com.google.common.collect.RangeSet                                              : loaded 2 times (x 66B)
Class com.google.common.cache.LocalCache$EntryFactory$2                               : loaded 2 times (x 79B)
Class org.gradle.api.internal.classpath.GlobalCacheRootsProvider                      : loaded 2 times (x 66B)
Class com.google.common.collect.CollectCollectors                                     : loaded 2 times (x 67B)
Class org.objectweb.asm.ModuleWriter                                                  : loaded 2 times (x 78B)
Class com.google.common.cache.LocalCache$EntryFactory$3                               : loaded 2 times (x 79B)
Class com.google.common.base.Ticker$1                                                 : loaded 2 times (x 68B)
Class com.google.common.collect.ImmutableMapEntrySet$RegularEntrySet                  : loaded 2 times (x 147B)
Class com.google.common.collect.Maps$BiMapConverter                                   : loaded 2 times (x 86B)
Class com.google.common.collect.CollectSpliterators$1                                 : loaded 2 times (x 86B)
Class com.google.common.collect.SetMultimap                                           : loaded 2 times (x 66B)
Class com.google.common.cache.LocalCache$EntryFactory$4                               : loaded 2 times (x 79B)
Class com.google.common.collect.ImmutableSet$Builder                                  : loaded 2 times (x 81B)
Class com.google.common.base.CharMatcher$InRange                                      : loaded 2 times (x 107B)
Class com.google.common.io.ByteStreams$1                                              : loaded 2 times (x 81B)
Class com.google.common.cache.LocalCache$EntryFactory$5                               : loaded 2 times (x 79B)
Class com.google.common.io.LineReader                                                 : loaded 2 times (x 68B)
Class org.apache.commons.io.output.AppendableWriter                                   : loaded 2 times (x 96B)
Class com.google.common.cache.LocalCache$EntryFactory$6                               : loaded 2 times (x 79B)
Class org.gradle.internal.installation.CurrentGradleInstallationLocator               : loaded 2 times (x 67B)
Class com.google.common.collect.ImmutableMultimap$Builder                             : loaded 2 times (x 79B)
Class org.objectweb.asm.ClassReader                                                   : loaded 2 times (x 89B)
Class org.apache.commons.io.output.ThresholdingOutputStream                           : loaded 2 times (x 91B)
Class com.google.common.collect.Maps$KeySet                                           : loaded 2 times (x 133B)
Class com.google.common.cache.LocalCache$EntryFactory$7                               : loaded 2 times (x 79B)
Class com.google.common.collect.ImmutableSet$EmptySetBuilderImpl                      : loaded 2 times (x 72B)
Class com.google.common.collect.ImmutableList                                         : loaded 2 times (x 202B)
Class org.gradle.internal.service.DefaultServiceLocator                               : loaded 2 times (x 79B)
Class com.google.common.collect.ImmutableMultimap$EntryCollection                     : loaded 2 times (x 123B)
Class com.google.common.collect.Maps$EntrySet                                         : loaded 2 times (x 132B)
Class com.google.common.cache.LocalCache$EntryFactory$8                               : loaded 2 times (x 79B)
Class com.google.common.collect.ImmutableSet$SetBuilderImpl                           : loaded 2 times (x 72B)
Class org.gradle.internal.installation.CurrentGradleInstallation                      : loaded 2 times (x 69B)
Class com.google.common.cache.CacheLoader$1                                           : loaded 2 times (x 71B)
Class com.google.common.collect.ForwardingObject                                      : loaded 2 times (x 68B)
Class com.google.common.collect.ImmutableList$SubList                                 : loaded 2 times (x 204B)
Class org.gradle.util.internal.GUtil                                                  : loaded 2 times (x 67B)
Class com.google.common.io.ByteSource                                                 : loaded 2 times (x 80B)
Class com.google.common.util.concurrent.AbstractFuture$SetFuture                      : loaded 2 times (x 71B)
Class com.google.common.cache.AbstractCache$StatsCounter                              : loaded 2 times (x 66B)
Class com.google.common.io.LineBuffer                                                 : loaded 2 times (x 71B)
Class com.google.common.collect.MapMakerInternalMap$1                                 : loaded 2 times (x 79B)
Class org.objectweb.asm.Context                                                       : loaded 2 times (x 68B)
Class com.google.common.collect.Iterators$MergingIterator                             : loaded 2 times (x 77B)
Class com.google.common.collect.RegularImmutableSet                                   : loaded 2 times (x 144B)
Class org.gradle.internal.installation.GradleInstallation                             : loaded 2 times (x 71B)
Class com.google.common.collect.Iterables                                             : loaded 2 times (x 67B)
Class com.google.common.base.Splitter$Strategy                                        : loaded 2 times (x 66B)

---------------  S Y S T E M  ---------------

OS:
 Windows 11 , 64 bit Build 26100 (10.0.26100.7623)
OS uptime: 0 days 23:21 hours
Hyper-V role detected

CPU: total 8 (initial active 8) (4 cores per cpu, 2 threads per core) family 6 model 140 stepping 1 microcode 0xbc, cx8, cmov, fxsr, ht, mmx, 3dnowpref, sse, sse2, sse3, ssse3, sse4.1, sse4.2, popcnt, lzcnt, tsc, tscinvbit, avx, avx2, aes, erms, clmul, bmi1, bmi2, adx, avx512f, avx512dq, avx512cd, avx512bw, avx512vl, sha, fma, vzeroupper, avx512_vpopcntdq, avx512_vpclmulqdq, avx512_vaes, avx512_vnni, clflush, clflushopt, clwb, avx512_vbmi2, avx512_vbmi, hv, rdtscp, rdpid, fsrm, gfni, avx512_bitalg, f16c, cet_ibt, cet_ss, avx512_ifma
Processor Information for all 8 processors :
  Max Mhz: 2419, Current Mhz: 2419, Mhz Limit: 2419

Memory: 4k page, system-wide physical 20160M (2329M free)
TotalPageFile size 28418M (AvailPageFile size 503M)
current process WorkingSet (physical memory assigned to process): 704M, peak: 709M
current process commit charge ("private bytes"): 790M, peak: 1313M

vm_info: OpenJDK 64-Bit Server VM (21.0.5+-13047016-b750.29) for windows-amd64 JRE (21.0.5+-13047016-b750.29), built on 2025-02-11T21:12:39Z by "builder" with MS VC++ 16.10 / 16.11 (VS2019)

END.
